model_name,max_cv,end_time,end_time_source
BIOMD0000000001,1.6156502417900415e-13,62.859927567160355,user_specified
BIOMD0000000002,4.747348692748986e-08,606.5499494954367,user_specified
BIOMD0000000003,0.01614718422966201,0.2489786043829815,user_specified
BIOMD0000000004,1.2248733340201539,20.80803530542972,user_specified
BIOMD0000000005,3.772922264592415,100.0,user_specified
BIOMD0000000008,0.06751826742681658,0.0030009023342075,user_specified
BIOMD0000000010,4.210478960278719,9000.0,user_specified
BIOMD0000000011,0.8038002779868227,2.9495476909282043,user_specified
BIOMD0000000012,1.6262809047991604,4032.015328579616,user_specified
BIOMD0000000013,0.013093627944911179,0.1688282211810368,user_specified
BIOMD0000000015,4.071951877077283e-07,0.9921875,user_specified
BIOMD0000000017,1.0203917399009778e-05,0.9921875,user_specified
BIOMD0000000018,0.26677703203482617,153298.4790389548,user_specified
BIOMD0000000021,0.42038782404269553,0.1578901805901543,user_specified
BIOMD0000000022,1.980814794107847,1556.3431128055108,user_specified
BIOMD0000000023,0.00019880219337360856,4064.0,user_specified
BIOMD0000000026,0.00013201852534442944,2032.0,user_specified
BIOMD0000000027,0.00010743791496780979,2032.0,user_specified
BIOMD0000000028,0.0002367687513061912,2048.0,user_specified
BIOMD0000000029,0.00385674388306942,2048.0,user_specified
BIOMD0000000030,1.6347714968415118e-05,2048.0,user_specified
BIOMD0000000031,0.00020410421236033403,256.0,user_specified
BIOMD0000000035,2.0015850761008833,45091.66679359715,user_specified
BIOMD0000000036,3.161558573284693,2427.1674952280737,user_specified
BIOMD0000000038,4.093585261876974e-11,0.9921875,user_specified
BIOMD0000000039,4.350276923135643,53.71111093579897,user_specified
BIOMD0000000041,0.00019468962740959442,0.9921875,user_specified
BIOMD0000000042,6.207158921665128,300.0,user_specified
BIOMD0000000043,0.2661291006233967,1.000015323109476e-05,user_specified
BIOMD0000000044,4.852497428850871,62.87778480068272,user_specified
BIOMD0000000045,1.9702717604821447,62.800982988123046,user_specified
BIOMD0000000046,4.698252166352559,1230.2352428245697,user_specified
BIOMD0000000047,6.4252759351359305,579.1535128396395,user_specified
BIOMD0000000048,0.540673747285123,0.1166465729098464,user_specified
BIOMD0000000049,1.6461904373133291,7655.271396485119,user_specified
BIOMD0000000050,0.06755690395580112,0.001867581479384,user_specified
BIOMD0000000051,1.2175658895129904,95.1007725998092,user_specified
BIOMD0000000053,0.06757823305586895,0.0532737176070875,user_specified
BIOMD0000000054,0.0003688043035547483,254.0,user_specified
BIOMD0000000057,4.56304025755714e-15,16.0,user_specified
BIOMD0000000058,0.7220149285339955,6.730137825069835,user_specified
BIOMD0000000060,4.482488477709255e-15,15.875,user_specified
BIOMD0000000061,0.28435877425640477,97.24500221028036,user_specified
BIOMD0000000063,0.00013284095220209862,0.9921875,user_specified
BIOMD0000000065,0.10480819995770241,38.21804051921795,user_specified
BIOMD0000000066,0.1753236245949797,4.925778545251441e-05,user_specified
BIOMD0000000067,0.303970516521213,0.036205805179996,user_specified
BIOMD0000000068,8.970384377971945e-05,1016.0,user_specified
BIOMD0000000069,1.1929465286425809,26.06374858201079,user_specified
BIOMD0000000070,0.000742778159680948,15.875,user_specified
BIOMD0000000072,0.06735532327389723,0.0018270618381366,user_specified
BIOMD0000000073,0.06752902499825436,1.0000104824254309e-05,user_specified
BIOMD0000000074,0.9902195610420566,0.1167762066148465,user_specified
BIOMD0000000075,1.6019720245377815,20.812194714510607,user_specified
BIOMD0000000076,2.0793803997421616e-05,0.9921875,user_specified
BIOMD0000000078,0.06752900398246245,1.0000090387449184e-05,user_specified
BIOMD0000000079,6.407381234172786,30518.630707323828,user_specified
BIOMD0000000080,0.22107734947739524,319206.79421176744,user_specified
BIOMD0000000081,0.8085822365486439,14.144761953876936,user_specified
BIOMD0000000082,0.07102458207638951,66.62630621830493,user_specified
BIOMD0000000083,0.9902182912675006,0.1167819394364607,user_specified
BIOMD0000000084,1.1574943446198036e-06,64.0,user_specified
BIOMD0000000085,0.3516080869102273,0.0145124837030754,user_specified
BIOMD0000000086,0.13154043960286815,0.0015131386079895,user_specified
BIOMD0000000087,4.716800543144519,11602.873922069057,user_specified
BIOMD0000000090,3.4180441952067935,85.52552347107483,user_specified
BIOMD0000000091,0.0790282881767777,97.46927001534876,user_specified
BIOMD0000000092,0.06752866059192986,0.0020833870538848,user_specified
BIOMD0000000093,6.770764842965304e-05,65024.0,user_specified
BIOMD0000000094,0.6800618942980257,11.697535397747862,user_specified
BIOMD0000000095,1.4663670458777713,62.859927567160355,user_specified
BIOMD0000000096,1.279638150353624,62.859927567160355,user_specified
BIOMD0000000097,1.7908948676897734,62.859927567160355,user_specified
BIOMD0000000098,7.111671786674646,139.44983713790535,user_specified
BIOMD0000000099,0.2258193878002692,5.600228274697529,user_specified
BIOMD0000000100,2.8778413669747858,2.554446276261655,user_specified
BIOMD0000000101,0.04070564609302459,62.859927567160355,user_specified
BIOMD0000000102,0.2137709845067192,3.132923126055755,user_specified
BIOMD0000000103,0.3759479315700711,2.518309921584248,user_specified
BIOMD0000000105,1.026533231254017,18.647132136090256,user_specified
BIOMD0000000107,0.1978914459009064,0.0301899258535968,user_specified
BIOMD0000000108,0.0024900372934583957,254.63503068023684,user_specified
BIOMD0000000112,0.4481667926540388,978.249052076008,user_specified
BIOMD0000000113,6.534712633348121,2.2036709478122094,user_specified
BIOMD0000000114,0.4383388425335769,2856.6339019817524,user_specified
BIOMD0000000115,0.004583568834407254,16.0,user_specified
BIOMD0000000116,1.4927619302126913e-07,0.9921875,user_specified
BIOMD0000000117,0.7195112927377855,61.67378405531801,user_specified
BIOMD0000000119,3.962076373873291e-15,116.16234243602264,user_specified
BIOMD0000000122,0.16295086548399937,2530.7674934103707,user_specified
BIOMD0000000123,0.09810478414702152,92.8984163667855,user_specified
BIOMD0000000124,4.203943543219582e-15,3133.087984432817,user_specified
BIOMD0000000126,2.153247543322471e-09,10.304920005932075,user_specified
BIOMD0000000128,5.996874737972572e-15,497.6620547723576,user_specified
BIOMD0000000137,0.1497878909317952,0.1590838613251,user_specified
BIOMD0000000138,6.346672078277921e-15,8242.328278260275,user_specified
BIOMD0000000140,0.42509293607850235,28.645467131221192,user_specified
BIOMD0000000143,0.31442831443103103,0.089617263336103,user_specified
BIOMD0000000146,1.5104101134425152,0.3414975077935351,user_specified
BIOMD0000000147,0.13582887902319457,0.0030127058293926,user_specified
BIOMD0000000150,0.005826664751075807,0.0360404058416017,user_specified
BIOMD0000000151,2.0145412783293937,7.330024889929016,user_specified
BIOMD0000000152,0.13465892639425545,1.4030258818085335,user_specified
BIOMD0000000153,0.13471917008350223,1.4106262159417386,user_specified
BIOMD0000000156,2.198711617413994,9.33938578796419,user_specified
BIOMD0000000157,0.7355976893106116,3.422792504070267,user_specified
BIOMD0000000158,0.6842412405439682,3.5132758149930017,user_specified
BIOMD0000000159,0.2003345272495325,0.0057980108207921,user_specified
BIOMD0000000160,0.8681866649927258,27.17498386049144,user_specified
BIOMD0000000161,1.623649220148825,15.926297498036387,user_specified
BIOMD0000000162,0.44357125153637483,31.75,user_specified
BIOMD0000000163,0.017810026853517645,305.56222399315226,user_specified
BIOMD0000000164,0.1402830798486517,0.6108189016581179,user_specified
BIOMD0000000165,0.3402646298799011,0.1476779707656004,user_specified
BIOMD0000000166,7.463441617194386,357.4605311606663,user_specified
BIOMD0000000167,1.521909583626533,212067.93397118777,user_specified
BIOMD0000000170,1.667985967036459,62.5282207083908,user_specified
BIOMD0000000171,1.1235696665184822,31.8629535818788,user_specified
BIOMD0000000172,5.138827187440451e-06,1.984375,user_specified
BIOMD0000000173,0.17797729888123517,7.09246318425144,user_specified
BIOMD0000000174,0.48211121958811026,107.06266729186548,user_specified
BIOMD0000000175,4.999169722782664,0.0256809917452699,user_specified
BIOMD0000000176,0.0005953358539905678,4.0,user_specified
BIOMD0000000177,3.96283285570058e-05,7.9375,user_specified
BIOMD0000000178,5.216504082141327e-15,0.1236665377477714,user_specified
BIOMD0000000180,1.9969335532932675,59.60839489549035,user_specified
BIOMD0000000181,0.015465013185978762,3.4581063438494803,user_specified
BIOMD0000000182,5.174910775783089,10073.68390640994,user_specified
BIOMD0000000183,0.042001463581373535,5.466569166986308,user_specified
BIOMD0000000184,1.5904881571007783,26264.831952293054,user_specified
BIOMD0000000185,0.4963275909847708,10.258619412836511,user_specified
BIOMD0000000186,0.0008180149938000989,2530.7674934103707,user_specified
BIOMD0000000187,0.0001809274520798566,2530.7674934103707,user_specified
BIOMD0000000190,0.22293093089969374,495.46711740216847,user_specified
BIOMD0000000191,0.0006173937607950305,128.0,user_specified
BIOMD0000000192,0.4440824181230689,0.001492596437936,user_specified
BIOMD0000000193,0.0006652680785599218,2530.7674934103707,user_specified
BIOMD0000000194,1.366082266580398e-15,2530.7674934103707,user_specified
BIOMD0000000197,8.340761850483125e-07,8128.0,user_specified
BIOMD0000000200,0.17250856763829256,1.7575495659940683,user_specified
BIOMD0000000201,2.202644453919121,2526.80939627156,user_specified
BIOMD0000000203,1.5836010513776494e-11,512.0,user_specified
BIOMD0000000204,3.6300752225091196e-12,512.0,user_specified
BIOMD0000000206,3.174672460586482,15.142472592344603,user_specified
BIOMD0000000207,0.06752259572348442,0.0008320602978605,user_specified
BIOMD0000000208,0.1925823095971402,271.18254672914344,user_specified
BIOMD0000000209,0.6307939302859591,1.590610878031935,user_specified
BIOMD0000000210,0.03872058487423453,46.14068765251103,user_specified
BIOMD0000000211,0.11475161326849012,0.1662610870036625,user_specified
BIOMD0000000212,0.00010525556878708146,8128.0,user_specified
BIOMD0000000213,3.366046153747672e-11,0.9921875,user_specified
BIOMD0000000216,0.967552274989052,1359.5730857147505,user_specified
BIOMD0000000217,0.17668215416942074,1.6791062490548745,user_specified
BIOMD0000000218,0.0010502634592350153,256.0,user_specified
BIOMD0000000219,0.0010250713260779153,256.0,user_specified
BIOMD0000000220,1.5067928062728981,23.10298437978224,user_specified
BIOMD0000000221,7.505159847749238e-08,3.96875,user_specified
BIOMD0000000222,0.00033695202628473124,64.0,user_specified
BIOMD0000000224,1.1773052982278263,6.617905837676166,user_specified
BIOMD0000000225,1.551802011014593,58.25470188289432,user_specified
BIOMD0000000226,1.2348176604669598,2377.5447672714517,user_specified
BIOMD0000000227,0.9209532207014152,72.58977807615246,user_specified
BIOMD0000000228,0.06281108196322352,939.7718191188832,user_specified
BIOMD0000000229,0.21824410376729103,12.42299821138062,user_specified
BIOMD0000000230,0.38106748974767657,3633.8764936355665,user_specified
BIOMD0000000231,0.06750501924317759,0.0133688068680887,user_specified
BIOMD0000000232,0.010004707120097683,72.01017498962817,user_specified
BIOMD0000000233,1.3539576893736989,31.75,user_specified
BIOMD0000000236,1.5933465581061876,18274.048793506223,user_specified
BIOMD0000000237,0.5154191917509855,0.116331088971908,user_specified
BIOMD0000000239,2.01618840484518,3509.4377368454575,user_specified
BIOMD0000000240,0.0675306926190634,1.0000100256511556e-05,user_specified
BIOMD0000000241,4.7858487057711655e-12,0.1590838613251,user_specified
BIOMD0000000242,0.25354745055274264,0.2763123373226405,user_specified
BIOMD0000000243,0.4475048949509936,0.001015617124902,user_specified
BIOMD0000000245,2.2436255125903193,1220.6790892823444,user_specified
BIOMD0000000246,2.210511506894576,91.90171447294304,user_specified
BIOMD0000000247,0.0003547523763681491,15.875,user_specified
BIOMD0000000248,0.2883932407356816,11.206653858742811,user_specified
BIOMD0000000249,0.4060004415207936,0.5218841039637602,user_specified
BIOMD0000000250,1.3984375009773549,212.21932349134968,user_specified
BIOMD0000000251,0.44703538363077766,0.1382515316240812,user_specified
BIOMD0000000253,0.0008509718045561594,8.0,user_specified
BIOMD0000000254,5.519035513594196,14215.060820743842,user_specified
BIOMD0000000257,2.635105759183607,2032.0,user_specified
BIOMD0000000258,5.1479442549199475e-09,52.29965479314135,user_specified
BIOMD0000000265,2.097795738713084,2273.5016349643197,user_specified
BIOMD0000000267,4.702073513285589e-15,0.0280991368814007,user_specified
BIOMD0000000269,8.438831818431263e-05,127.0,user_specified
BIOMD0000000270,1.6934274516335493e-05,254.0,user_specified
BIOMD0000000271,9.482776633136301e-05,0.0044945186702003,user_specified
BIOMD0000000272,1.1461864117357288e-05,0.0506418470644362,user_specified
BIOMD0000000273,1.4963305423367204,1181.7981438187887,user_specified
BIOMD0000000274,7.22241804446852,276875.2846767068,user_specified
BIOMD0000000278,5.6233953796036696e-09,140.0,user_specified
BIOMD0000000279,5.039607283403943e-08,150.0,user_specified
BIOMD0000000282,0.20229564620033808,0.1149673848837798,user_specified
BIOMD0000000284,5.0191348818283585e-05,63.5,user_specified
BIOMD0000000287,0.25467418173769735,2422.952367995507,user_specified
BIOMD0000000292,5.768855134514806e-05,508.0,user_specified
BIOMD0000000294,0.5639677274041492,1.371784720408331,user_specified
BIOMD0000000295,0.28976230014324517,28.50385309096283,user_specified
BIOMD0000000296,1.379964541930709,189.4677651151066,user_specified
BIOMD0000000297,2.163905890881146,140.0,user_specified
BIOMD0000000298,0.7403742471545397,15.57333227956068,user_specified
BIOMD0000000299,1.214071402261248,2177.7836315245827,user_specified
BIOMD0000000300,3.896234341623571e-15,7.9375,user_specified
BIOMD0000000303,0.33628044641897603,52.89810048654359,user_specified
BIOMD0000000304,1.771327540082366,2488.0894690476102,user_specified
BIOMD0000000305,2.7711990055639278e-15,999986.9572250644,user_specified
BIOMD0000000306,5.412333695992373e-16,0.9921875,user_specified
BIOMD0000000307,5.204170427930417e-16,0.9921875,user_specified
BIOMD0000000308,5.204170427930417e-16,0.9921875,user_specified
BIOMD0000000309,3.828894184397586e-06,1.0000142923671009e-05,user_specified
BIOMD0000000310,0.0,0.9921875,user_specified
BIOMD0000000311,0.0,0.9921875,user_specified
BIOMD0000000313,0.20024444741922576,0.2680873279945003,user_specified
BIOMD0000000314,0.1984582690269489,0.0959744779867798,user_specified
BIOMD0000000315,0.5113848212285356,0.1297974648682826,user_specified
BIOMD0000000318,0.07748281188840918,0.208913891392005,user_specified
BIOMD0000000319,0.6775082792333809,285.5259944782077,user_specified
BIOMD0000000322,2.7854409285548063,43970.934980411155,user_specified
BIOMD0000000323,1.0817621438547338,23789.51634360488,user_specified
BIOMD0000000325,0.06723882981330086,0.0082290583295652,user_specified
BIOMD0000000326,5.5935092500985515e-05,0.4197080401475492,user_specified
BIOMD0000000328,0.054471179544202726,0.2283279952346138,user_specified
BIOMD0000000329,1.7954415153992416,2521.592264945848,user_specified
BIOMD0000000330,2.0292534616546374,22.15041306369264,user_specified
BIOMD0000000331,1.7110934465746976,5.648721952679675,user_specified
BIOMD0000000332,5.4799119614815455,15528.881010638142,user_specified
BIOMD0000000333,0.7599889613200894,11.024614214212752,user_specified
BIOMD0000000335,5.204922466484201,439.4876272138528,user_specified
BIOMD0000000336,4.360428865662018,41.61480759464608,user_specified
BIOMD0000000337,3.6289906729198083,45.81560055525542,user_specified
BIOMD0000000344,0.5720667049240452,3388.690941302024,user_specified
BIOMD0000000346,0.8282477758227417,368.4100389074535,user_specified
BIOMD0000000347,0.2660417622849857,0.0049675862249704,user_specified
BIOMD0000000350,0.7076248702790039,59.877093392141894,user_specified
BIOMD0000000354,3.890692963420358,47796.16070218013,user_specified
BIOMD0000000355,0.8145307848613429,6.90045420444508,user_specified
BIOMD0000000357,0.07264500927402755,0.1532578487530852,user_specified
BIOMD0000000360,0.2595445287243435,0.0001371728758686,user_specified
BIOMD0000000361,0.4061095191550523,29.547594446851654,user_specified
BIOMD0000000362,4.686848820498605,94.32625897599767,user_specified
BIOMD0000000363,4.445327564985583e-15,0.0034531621677222,user_specified
BIOMD0000000364,0.14372098625828203,0.1533170517018354,user_specified
BIOMD0000000365,0.33269607483985775,0.3840903027592407,user_specified
BIOMD0000000366,0.17058325971852084,0.3584221668289535,user_specified
BIOMD0000000371,3.131147861320483,24777.62194784831,user_specified
BIOMD0000000372,0.4188051283719157,2190.773211029297,user_specified
BIOMD0000000373,3.16123084983286,700000.0,user_specified
BIOMD0000000374,2.3738603968189596,60000.0,user_specified
BIOMD0000000376,6.194784706053782,600000.0,user_specified
BIOMD0000000377,3.6416553812908976,30000.0,user_specified
BIOMD0000000378,2.119883667212658,64.0,user_specified
BIOMD0000000379,3.241122510035653,1257.1568668290838,user_specified
BIOMD0000000382,0.39864156909499837,3923.271338474882,user_specified
BIOMD0000000383,0.00022963324683300488,15.875,user_specified
BIOMD0000000384,0.0009344475084608931,16.0,user_specified
BIOMD0000000385,0.0005849576726411841,128.0,user_specified
BIOMD0000000386,1.5297880897509572e-05,130048.0,user_specified
BIOMD0000000387,0.0007421880405702338,32.0,user_specified
BIOMD0000000388,7.503507872444892e-05,2032.0,user_specified
BIOMD0000000389,1.7308696268153045e-06,260096.0,user_specified
BIOMD0000000390,0.0016077328722551147,32.0,user_specified
BIOMD0000000391,0.10191587075754399,0.0217090886240211,user_specified
BIOMD0000000392,0.7387323299660506,0.8192314348278158,user_specified
BIOMD0000000393,0.6491553919108602,14.77304184083948,user_specified
BIOMD0000000394,2.710219893876409,6.4006676476229725,user_specified
BIOMD0000000395,0.5237545069352629,0.0339299657316524,user_specified
BIOMD0000000396,1.5661088020166607,48.51416582120069,user_specified
BIOMD0000000397,0.45439554279973526,0.0028522754596367,user_specified
BIOMD0000000398,0.1315219891762838,1.2492592300423713,user_specified
BIOMD0000000399,0.003796930850119726,1168.570834954444,user_specified
BIOMD0000000400,5.640783346859741,999986.3862989284,user_specified
BIOMD0000000401,0.0046748074850927164,170.69185444074196,user_specified
BIOMD0000000402,0.9347596019936788,2035.760671985492,user_specified
BIOMD0000000404,0.0016024687461216837,9.251631469767688,user_specified
BIOMD0000000405,0.0006189580741171486,64.0,user_specified
BIOMD0000000406,0.36194643708576113,0.0005210550680275,user_specified
BIOMD0000000407,0.3440222752199131,1016.1402267264476,user_specified
BIOMD0000000408,3.134248825854757,62.859927567160355,user_specified
BIOMD0000000409,2.48853101618302,34.10100755559821,user_specified
BIOMD0000000410,1.2005702075745268,7.830285422471441,user_specified
BIOMD0000000411,2.9934536269236105,2820.3018840226437,user_specified
BIOMD0000000412,2.462432482301069,24.873894975729083,user_specified
BIOMD0000000413,1.5535803688302238e-06,254.0,user_specified
BIOMD0000000414,1.4947226095324503e-05,256.0,user_specified
BIOMD0000000415,2.5033115291604446e-08,0.0013705800044962,user_specified
BIOMD0000000417,3.765524894761016e-15,63.5,user_specified
BIOMD0000000418,0.016237010692506316,61.646078544871585,user_specified
BIOMD0000000419,0.026565708424829287,61.64562241750125,user_specified
BIOMD0000000420,0.04598157691398059,48.862399661472,user_specified
BIOMD0000000421,0.04595682945898417,48.86676843251783,user_specified
BIOMD0000000422,0.23444189630361034,545.4098027300821,user_specified
BIOMD0000000423,0.00023103665822383408,32.0,user_specified
BIOMD0000000424,0.9651526532157508,0.0229051455010612,user_specified
BIOMD0000000425,0.0006288245729586378,16.0,user_specified
BIOMD0000000426,0.014548210988310696,0.000786227849433,user_specified
BIOMD0000000427,1.8291246569462891,1271.885099733317,user_specified
BIOMD0000000428,0.00031421744889228434,31.75,user_specified
BIOMD0000000430,0.8834866604004956,0.1390539981138287,user_specified
BIOMD0000000431,3.613795152007238e-05,2048.0,user_specified
BIOMD0000000432,3.693064212890184e-08,1273.386036293181,user_specified
BIOMD0000000433,0.8693054743699827,23.554336750565454,user_specified
BIOMD0000000434,5.259781669467254,98.81767474652162,user_specified
BIOMD0000000435,0.8633630505052222,1.0000149759389444e-05,user_specified
BIOMD0000000436,0.3609430401550075,0.9065304037134696,user_specified
BIOMD0000000438,4.533645068884735,24.685767983907564,user_specified
BIOMD0000000439,5.715410882145214,513.9190108939248,user_specified
BIOMD0000000440,12.78883969074978,11770.2360344302,user_specified
BIOMD0000000441,1.8920654228559206,600.4716131514242,user_specified
BIOMD0000000442,1.8886619694907965,599.3371939884915,user_specified
BIOMD0000000443,2.8347940034975845,823.8597275617893,user_specified
BIOMD0000000444,0.6562555547860695,613.1411009307099,user_specified
BIOMD0000000445,2.3234356992410357,23416.343578671873,user_specified
BIOMD0000000446,0.12468851258190203,0.0039293112564594,user_specified
BIOMD0000000447,0.0002529169630814143,512.0,user_specified
BIOMD0000000448,0.0002254225271372384,127.0,user_specified
BIOMD0000000449,0.07674955775430721,1.3456043801659257,user_specified
BIOMD0000000454,9.1081245495175e-15,0.9921875,user_specified
BIOMD0000000455,1.0885252718979384e-13,25207.90916596901,user_specified
BIOMD0000000456,6.597700540674784e-16,0.0677421322888253,user_specified
BIOMD0000000458,1.5709338917793945e-15,24838.534570107277,user_specified
BIOMD0000000459,0.07305620751440885,800.0,user_specified
BIOMD0000000460,0.03577764779393039,800.0,user_specified
BIOMD0000000461,1.3933783995626146e-10,800.0,user_specified
BIOMD0000000462,0.38981320875903097,733.7341336684062,user_specified
BIOMD0000000463,2.457749798065547,0.0028931296159382,user_specified
BIOMD0000000464,3.84070299368271,0.1130553115351526,user_specified
BIOMD0000000465,1.025556386285475,39.62838005481377,user_specified
BIOMD0000000466,3.2906428076165097,11864.027926687835,user_specified
BIOMD0000000467,0.2318024219938959,24826.38509597836,user_specified
BIOMD0000000468,3.2640581335930334,12000.0,user_specified
BIOMD0000000475,0.30596270473608667,24.505873927291095,user_specified
BIOMD0000000476,1.9724423521354628,575.9413209804853,user_specified
BIOMD0000000477,0.021471872017339313,25.0,user_specified
BIOMD0000000478,1.0710750963976667,4.723300100872332,user_specified
BIOMD0000000481,5.385083140718719,171.68944669828318,user_specified
BIOMD0000000482,0.6961725289529598,58.53622150585025,user_specified
BIOMD0000000483,1.3877787807814454e-16,0.9921875,user_specified
BIOMD0000000484,4.73333332946145e-15,1.0000128965548245e-05,user_specified
BIOMD0000000485,0.009147790234218509,0.257200207831499,user_specified
BIOMD0000000486,2.312964634635742e-16,0.9921875,user_specified
BIOMD0000000488,1.0409284167601531,2426.435196893829,user_specified
BIOMD0000000489,0.00033539522058308814,65536.0,user_specified
BIOMD0000000490,1.8333278521548721e-09,144000.0,user_specified
BIOMD0000000491,4.442010677255359e-15,63.5,user_specified
BIOMD0000000492,4.1983911413876534e-15,32.0,user_specified
BIOMD0000000493,0.00209089280164934,475.18758109498054,user_specified
BIOMD0000000495,0.011920202670075146,22.19766622689361,user_specified
BIOMD0000000498,0.16081634651910903,3.923705338965747,user_specified
BIOMD0000000500,3.4376702109789455e-06,0.9921875,user_specified
BIOMD0000000501,0.046520353144704145,0.9921875,user_specified
BIOMD0000000502,0.06420632927742913,16384.0,user_specified
BIOMD0000000503,0.4241581946163998,74.94323593937875,user_specified
BIOMD0000000504,1.5875666055516269,288.44024074914586,user_specified
BIOMD0000000505,4.896861294264715,0.0002696933563527,user_specified
BIOMD0000000506,7.040184916295792,5902.5780762948125,user_specified
BIOMD0000000507,0.10098710790597082,1.000010031044779e-05,user_specified
BIOMD0000000510,0.00039759924583216696,16.0,user_specified
BIOMD0000000511,0.20944322339765445,0.7793333033721258,user_specified
BIOMD0000000512,0.07227092796434549,1.310242891204237,user_specified
BIOMD0000000513,0.0005895706320677107,16.0,user_specified
BIOMD0000000514,0.2720327181996085,58482.48932829916,user_specified
BIOMD0000000515,0.37051454554732466,0.6906017623960429,user_specified
BIOMD0000000516,0.14698758295278047,0.9708579267467126,user_specified
BIOMD0000000517,1.5193498427678313e-08,1164.727891093732,user_specified
BIOMD0000000518,9.409453787073758e-11,0.9921875,user_specified
BIOMD0000000519,9.47791308687066e-11,0.9921875,user_specified
BIOMD0000000520,3.5050983275386565,417.5199108875506,user_specified
BIOMD0000000522,0.5214602215801203,0.0056911578430557,user_specified
BIOMD0000000523,0.8192815135350799,78.53636196835102,user_specified
BIOMD0000000524,0.38228030220410086,2.72859143279221,user_specified
BIOMD0000000525,4.009380897217628,3316.2364847192184,user_specified
BIOMD0000000526,0.263942694332046,1.6879738164456977,user_specified
BIOMD0000000527,0.0,6.666668775356057,user_specified
BIOMD0000000528,0.11111399641105783,1.0035213142227158e-05,user_specified
BIOMD0000000529,1.0255884327817222,403.5116298009196,user_specified
BIOMD0000000530,3.7366706084001625e-05,8.0,user_specified
BIOMD0000000534,1.0213767297874485,7709.891486146869,user_specified
BIOMD0000000535,0.4285412344468667,2098.489101125867,user_specified
BIOMD0000000536,0.04092214234024401,43.35122945146296,user_specified
BIOMD0000000537,1.3472343817015022,2551.747595013372,user_specified
BIOMD0000000539,2.7060656681776787,700.0,user_specified
BIOMD0000000541,0.09435137593518245,6.2989117153545156,user_specified
BIOMD0000000542,0.037693671949290276,5000.0,user_specified
BIOMD0000000543,2.3485375461964186,57.01229544709365,user_specified
BIOMD0000000544,2.3800661393001157,61.08481058750198,user_specified
BIOMD0000000545,0.08316111591189698,3.2503532096515206,user_specified
BIOMD0000000546,0.8316135581999967,15.0,user_specified
BIOMD0000000552,1.9442362791025034,150.0,user_specified
BIOMD0000000553,1.9442362791025034,150.0,user_specified
BIOMD0000000558,0.12412071064710824,200.0,user_specified
BIOMD0000000559,0.6344791875469142,600000.0,user_specified
BIOMD0000000560,0.4021057585522922,406.95063607465875,user_specified
BIOMD0000000563,1.0948737053605258,10.03523723999893,user_specified
BIOMD0000000564,2.4644616914190123,977.3373224827922,user_specified
BIOMD0000000568,1.0874077561046571,72.0,user_specified
BIOMD0000000569,2.041657945443951e-06,0.01,user_specified
BIOMD0000000570,0.49268628873524084,700.0,user_specified
BIOMD0000000571,1.1667261304011131e-07,1000.0,user_specified
BIOMD0000000573,1.2161766477792708e-05,180000.0,user_specified
BIOMD0000000575,0.5496627910708531,100.0,user_specified
BIOMD0000000576,0.13242571408749132,0.0260722759884423,user_specified
BIOMD0000000577,0.692744996525899,19.367322990052266,user_specified
BIOMD0000000578,2.588447281572079e-07,0.0464877747588795,user_specified
BIOMD0000000580,0.32630572906677086,0.0134758924787787,user_specified
BIOMD0000000582,0.2375330001832095,13.63346542237922,user_specified
BIOMD0000000584,0.0007212211639318764,1016.0,user_specified
BIOMD0000000586,0.3277398462266028,0.0266313592003943,user_specified
BIOMD0000000587,0.3282351739521652,0.0223563573601715,user_specified
BIOMD0000000588,0.6108641657715023,0.0044872052918347,user_specified
BIOMD0000000590,2.1464796348735766e-06,63.5,user_specified
BIOMD0000000596,0.03718941606624242,1200.0,user_specified
BIOMD0000000597,1.3942141426725503,2530.7674934103707,user_specified
BIOMD0000000598,2.670053848071835,28.293793778353415,user_specified
BIOMD0000000599,0.028145865033183188,2400.0,user_specified
BIOMD0000000600,0.6959586649778988,38.05669700415711,user_specified
BIOMD0000000601,0.9452574307001267,250.00013538005493,user_specified
BIOMD0000000602,4.041451885992124,2630.8766810679263,user_specified
BIOMD0000000607,1.4826538147566666,16200.0,user_specified
BIOMD0000000612,0.5561325651073645,3688.111318640117,user_specified
BIOMD0000000614,0.1800224631169516,30383.94261399745,user_specified
BIOMD0000000615,1.5255626373811793e-10,8323072.0,user_specified
BIOMD0000000616,4.880637526725245,2048.0,user_specified
BIOMD0000000617,0.0,999986.5961336256,user_specified
BIOMD0000000620,2.2331425884210514,29109.612759403695,user_specified
BIOMD0000000621,2.256987681410288,15839.17598994187,user_specified
BIOMD0000000622,0.009593929767236305,4800.0,user_specified
BIOMD0000000623,0.029677363471268783,60.0,user_specified
BIOMD0000000624,0.06752512462279646,0.0001540853809875,user_specified
BIOMD0000000626,0.00014234006624204827,63.5,user_specified
BIOMD0000000628,0.6820111928953305,0.0446750676618739,user_specified
BIOMD0000000629,3.135140292193853e-05,254.0,user_specified
BIOMD0000000630,0.25434307425029995,11.573341274134446,user_specified
BIOMD0000000633,3.017330634565619e-12,2443.460705550251,user_specified
BIOMD0000000634,0.9559893789924753,8.340699334957806,user_specified
BIOMD0000000635,8.84366439224108e-12,2524.529358460445,user_specified
BIOMD0000000636,6.45704883204243e-11,0.9921875,user_specified
BIOMD0000000639,0.00011279776311735987,89.49205426778641,user_specified
BIOMD0000000640,0.3282277005841618,0.0561068934676281,user_specified
BIOMD0000000646,0.15221836969232042,900.0,user_specified
BIOMD0000000647,0.0024487202401134553,50.0,user_specified
BIOMD0000000651,0.00028994363873647465,3600.0,user_specified
BIOMD0000000656,0.2002577640731117,2087.4440127230982,user_specified
BIOMD0000000657,4.59875160388311,6000.0,user_specified
BIOMD0000000661,5.2678444760013785e-11,24.0,user_specified
BIOMD0000000662,0.0027604216290968925,100.0,user_specified
BIOMD0000000663,3.363162335616559,20.0,user_specified
BIOMD0000000664,0.9838712434205221,100.0,user_specified
BIOMD0000000665,0.459275339055372,7200.0,user_specified
BIOMD0000000667,0.8618038158696786,6000.0,user_specified
BIOMD0000000668,1.817058960106639e-16,100.0,user_specified
BIOMD0000000676,0.06976616290727462,15.0,user_specified
BIOMD0000000683,9.46328835972801,200.0,user_specified
BIOMD0000000687,7.421000544036708,350.0,user_specified
BIOMD0000000688,1.2474139422606898,250.0,user_specified
BIOMD0000000689,0.001109150290711574,10000.0,user_specified
BIOMD0000000690,6.594678607301729e-05,100000.0,user_specified
BIOMD0000000691,4.652160699987463,200.0,user_specified
BIOMD0000000692,0.6519908753598035,0.6,user_specified
BIOMD0000000695,1.2277080716390412,800.0,user_specified
BIOMD0000000697,0.8414656444252873,960.0,user_specified
BIOMD0000000698,0.38723956786843466,10.0,user_specified
BIOMD0000000699,4.12700043822937,3600.0,user_specified
BIOMD0000000701,4.415966565506808,3600.0,user_specified
BIOMD0000000702,3.791388094974907,3600.0,user_specified
BIOMD0000000705,0.04061065727901184,720.0,user_specified
BIOMD0000000706,0.007933336298427058,720.0,user_specified
BIOMD0000000707,0.24681057223635788,90.0,user_specified
BIOMD0000000708,0.7420224120625489,28903.95680581497,user_specified
BIOMD0000000709,0.5376076688459471,40000.0,user_specified
BIOMD0000000710,0.011905593969234334,8.0,user_specified
BIOMD0000000711,4.478015936765176,15.0,user_specified
BIOMD0000000713,0.051450096939984154,350.0,user_specified
BIOMD0000000714,5.254271164655996,200.0,user_specified
BIOMD0000000715,2.9497046413005745,100.0,user_specified
BIOMD0000000716,0.0017682431861378016,100000.0,user_specified
BIOMD0000000717,0.8463698167100099,2000.0,user_specified
BIOMD0000000718,4.244010397404256,350.0,user_specified
BIOMD0000000719,3.5191907253919505,153.000000036,user_specified
BIOMD0000000720,0.8328054674559243,200.0,user_specified
BIOMD0000000722,0.6374382641018398,100.0,user_specified
BIOMD0000000723,7.519144219532924,1.1,user_specified
BIOMD0000000724,1.3620782592756748,1800.0,user_specified
BIOMD0000000725,0.18910620187641816,284.6492095464034,user_specified
BIOMD0000000726,0.022060008966283302,50.0,user_specified
BIOMD0000000727,2.3208983001276278,131.64483484911932,user_specified
BIOMD0000000728,2.4323931394856984,1000.0,user_specified
BIOMD0000000729,1.4690593036340807,80.0,user_specified
BIOMD0000000730,2.248765539929518,68.75270590651505,user_specified
BIOMD0000000731,0.7262068125073303,41.98465881648595,user_specified
BIOMD0000000732,0.5558459121497643,1000.0,user_specified
BIOMD0000000733,0.0032443235428978997,700.0,user_specified
BIOMD0000000734,1.878760935024366,5100.0,user_specified
BIOMD0000000735,1.8403620721977356,5030.0,user_specified
BIOMD0000000736,1.084232422026734e-14,365.0,user_specified
BIOMD0000000737,0.031387637373726414,100.0,user_specified
BIOMD0000000738,0.0020708147331066308,100.0,user_specified
BIOMD0000000739,2.436910016408535,1200.0,user_specified
BIOMD0000000741,1.6066106196571677e-09,1.0000093955227568e-05,user_specified
BIOMD0000000742,3.876449936938265e-15,2833.5642974769808,user_specified
BIOMD0000000743,2.9135517401655062e-06,1500.0,user_specified
BIOMD0000000744,0.9831262979783334,150.0,user_specified
BIOMD0000000745,0.5692530766280522,7.0,user_specified
BIOMD0000000747,5.371714515820768,1000.0,user_specified
BIOMD0000000748,0.045025035517720365,200.0,user_specified
BIOMD0000000749,0.61987400220691,14.0,user_specified
BIOMD0000000750,1.989362757250348e-09,15.0,user_specified
BIOMD0000000751,21.07629266096538,1000.0,user_specified
BIOMD0000000752,24.710361350444785,1000.0,user_specified
BIOMD0000000753,2.594916388398412e-10,100.0,user_specified
BIOMD0000000754,0.10235858842172013,600.0,user_specified
BIOMD0000000756,0.9345569614104907,600.0,user_specified
BIOMD0000000757,1.7853828332558355,3500.0,user_specified
BIOMD0000000759,2.719311313025909,40.0,user_specified
BIOMD0000000761,0.0833744688200514,40.0,user_specified
BIOMD0000000762,1.0585517824500874,100.0,user_specified
BIOMD0000000763,7.125814540197831,100.0,user_specified
BIOMD0000000765,0.19130466550433908,24.0,user_specified
BIOMD0000000766,3.9702590293829862,200.0,user_specified
BIOMD0000000767,1.3304202704632769e-06,20.0,user_specified
BIOMD0000000768,1.3802745773692269,30.0,user_specified
BIOMD0000000769,3.6227896284872387,30.0,user_specified
BIOMD0000000770,0.0005604649235876043,100.0,user_specified
BIOMD0000000771,0.85093277223481,30.0,user_specified
BIOMD0000000772,2.721752286949515,50.0,user_specified
BIOMD0000000773,0.0064852665090517824,3000.0,user_specified
BIOMD0000000774,6.944183276874835e-09,10000.0,user_specified
BIOMD0000000775,0.632633189538831,500.0,user_specified
BIOMD0000000776,0.6016331273872605,2000.0,user_specified
BIOMD0000000777,0.250603396897337,60.0,user_specified
BIOMD0000000778,13.79265988270425,10000.0,user_specified
BIOMD0000000779,1.8022213199529904e-05,200.0,user_specified
BIOMD0000000780,0.776636013552516,2500.0,user_specified
BIOMD0000000781,1.2678044376459143,800.0,user_specified
BIOMD0000000782,1.9000192936301892,800.0,user_specified
BIOMD0000000783,3.1611914110455874,1000.0,user_specified
BIOMD0000000784,0.7327541229664963,30.0,user_specified
BIOMD0000000785,14.909467727495413,180.0,user_specified
BIOMD0000000786,0.0005811580110415525,385200.0,user_specified
BIOMD0000000787,16.23278198957854,1000.0,user_specified
BIOMD0000000788,0.43720827193023126,150.0,user_specified
BIOMD0000000791,0.2665175597993638,30.0,user_specified
BIOMD0000000792,0.8939541464064996,500.0,user_specified
BIOMD0000000793,7.662069906215194e-06,100.0,user_specified
BIOMD0000000794,0.11005294748082714,6690.0,user_specified
BIOMD0000000795,0.0007199083244139396,1000.0,user_specified
BIOMD0000000796,3.604627878200174,630.0,user_specified
BIOMD0000000798,3.255929559037741,50.0,user_specified
BIOMD0000000799,0.00019523302545563503,100.0,user_specified
BIOMD0000000800,1.3283152889371985,800.0,user_specified
BIOMD0000000801,0.04354153844184974,3300.0,user_specified
BIOMD0000000802,1.104719685606432,10.0,user_specified
BIOMD0000000803,5.477213228543966e-06,63.5,user_specified
BIOMD0000000806,3.2476801296550364,22.0,user_specified
BIOMD0000000808,1.94877378273958,17280.0,user_specified
BIOMD0000000809,1.860415377761542,10.0,user_specified
BIOMD0000000811,0.06929365893625773,600.0,user_specified
BIOMD0000000812,0.07310489084403982,12.0,user_specified
BIOMD0000000813,0.0014241632974220115,500.0,user_specified
BIOMD0000000814,0.28643423518940736,1022.0,user_specified
BIOMD0000000815,2.476647695149624,300.0,user_specified
BIOMD0000000816,4.509520904636553e-15,30.0,user_specified
BIOMD0000000817,4.687833276492095e-15,30.0,user_specified
BIOMD0000000818,0.9999806355720866,15.0,user_specified
BIOMD0000000819,0.051968999150346695,140.0,user_specified
BIOMD0000000820,0.10958834697320817,20.0,user_specified
BIOMD0000000821,4.498320828949857e-07,120.0,user_specified
BIOMD0000000822,9.920944315453385e-07,2500.0,user_specified
BIOMD0000000823,2.2139769592996883,3600.0,user_specified
BIOMD0000000824,0.10176078607931417,200.0,user_specified
BIOMD0000000826,0.035061424847321186,1440.0,user_specified
BIOMD0000000827,8.926756678747695e-05,200.0,user_specified
BIOMD0000000828,0.06892511252158127,120.0,user_specified
BIOMD0000000829,0.061790306685457805,160.0,user_specified
BIOMD0000000830,5.643476452871235e-15,70.0,user_specified
BIOMD0000000832,0.8169920324568379,120.0,user_specified
BIOMD0000000833,0.025070521669843797,60.0,user_specified
BIOMD0000000834,2.7500635410566185,700.0,user_specified
BIOMD0000000835,3.281983540589735,25.0,user_specified
BIOMD0000000836,0.7595049687932882,2.0,user_specified
BIOMD0000000837,0.27780423949919225,720.0,user_specified
BIOMD0000000839,1.8107123107853624,250.0,user_specified
BIOMD0000000840,0.00021485861553739542,250.0,user_specified
BIOMD0000000842,0.06814305640838027,90.0,user_specified
BIOMD0000000843,0.12779418370986276,100.0,user_specified
BIOMD0000000844,5.2855502150753875,2000.0,user_specified
BIOMD0000000845,11.52758436787574,1000.0,user_specified
BIOMD0000000847,8.804155918618605e-05,508.0,user_specified
BIOMD0000000848,5.37895279484365,30.0,user_specified
BIOMD0000000849,1.7341968815450055,200.0,user_specified
BIOMD0000000850,3.392111393611357e-06,1000.0,user_specified
BIOMD0000000851,0.38807658049576177,10.0,user_specified
BIOMD0000000852,1.5275758736185954,29200.0,user_specified
BIOMD0000000853,0.830768650392712,300.0,user_specified
BIOMD0000000854,4.93085565370671e-15,30.0,user_specified
BIOMD0000000855,5.6719345496393405,20.0,user_specified
BIOMD0000000860,0.001255820399602293,14400.0,user_specified
BIOMD0000000861,0.34521746380725454,60.0,user_specified
BIOMD0000000862,0.4973436298621319,28800.0,user_specified
BIOMD0000000863,0.000800179410821666,40.0,user_specified
BIOMD0000000864,2.1522564459403893e-12,48800.0,user_specified
BIOMD0000000865,0.14355821014573306,0.8957154503142575,user_specified
BIOMD0000000866,6.151161600211783e-07,16384.0,user_specified
BIOMD0000000867,0.03746780555930696,30.0,user_specified
BIOMD0000000868,4.137952635381627e-07,16384.0,user_specified
BIOMD0000000869,8.495363387026584e-11,16256.0,user_specified
BIOMD0000000870,2.672196521694155e-08,16256.0,user_specified
BIOMD0000000871,0.0001973894555310974,16384.0,user_specified
BIOMD0000000873,0.326759642879592,80.0,user_specified
BIOMD0000000875,0.33361828764521323,14.0,user_specified
BIOMD0000000877,1.4242558590769334,100.0,user_specified
BIOMD0000000878,1.4519024379170768,33000.0,user_specified
BIOMD0000000880,1.5443490149348769,30.0,user_specified
BIOMD0000000881,6.39526181953125e-05,8128.0,user_specified
BIOMD0000000884,3.3166247903554,10.0,user_specified
BIOMD0000000887,1.3155977003735525e-07,1000.0,user_specified
BIOMD0000000888,3.118120652899581,100.0,user_specified
BIOMD0000000889,0.37277087199435244,8.0,user_specified
BIOMD0000000890,1.404003435144905e-05,10000.0,user_specified
BIOMD0000000891,0.6063885499023078,300.0,user_specified
BIOMD0000000892,1.9582550109250475e-07,35.0,user_specified
BIOMD0000000893,2.674980149895173,90.0,user_specified
BIOMD0000000894,1.4257452412858977,200.0,user_specified
BIOMD0000000896,0.2535344218193857,1000.0,user_specified
BIOMD0000000897,0.47957214064057,200.0,user_specified
BIOMD0000000898,0.9110984116194305,200.0,user_specified
BIOMD0000000899,5.465020863467415,600.0,user_specified
BIOMD0000000900,16.86487524453001,4000.0,user_specified
BIOMD0000000902,2.721752286949515,50.0,user_specified
BIOMD0000000903,1.4302902550124903,30.0,user_specified
BIOMD0000000904,0.25470492167082165,60.0,user_specified
BIOMD0000000905,0.03296027584194635,50.0,user_specified
BIOMD0000000906,4.017561625687645e-05,50.0,user_specified
BIOMD0000000908,0.005741230812474667,300.0,user_specified
BIOMD0000000909,0.00022874841678315025,150.0,user_specified
BIOMD0000000910,0.1655194759735817,100.0,user_specified
BIOMD0000000911,1.2476899613685344,250.0,user_specified
BIOMD0000000912,14.602303285338335,1000.0,user_specified
BIOMD0000000913,0.04381765101733324,5.0,user_specified
BIOMD0000000914,1.0899439680586096,100.0,user_specified
BIOMD0000000915,2.972941949786944e-05,10.0,user_specified
BIOMD0000000916,5.837427914651592e-15,3.0,user_specified
BIOMD0000000917,1.5194321649490083,72.0,user_specified
BIOMD0000000918,0.08813630630065511,20.0,user_specified
BIOMD0000000919,8.607718575409278e-05,15.875,user_specified
BIOMD0000000920,0.2076922454700575,70.0,user_specified
BIOMD0000000921,0.5852896602799144,60.0,user_specified
BIOMD0000000922,1.3831432910688267e-06,31.75,user_specified
BIOMD0000000923,5.555959894099608,1200.0,user_specified
BIOMD0000000927,0.00012917340050382434,508.0,user_specified
BIOMD0000000928,0.666756735399504,39.0,user_specified
BIOMD0000000929,0.06049336811638294,1000.0,user_specified
BIOMD0000000930,0.9638577392638381,50.0,user_specified
BIOMD0000000931,1.1289464194805687,62.54869530997841,user_specified
BIOMD0000000932,12.262220050212123,25.0,user_specified
BIOMD0000000933,4.12837367308463,40.0,user_specified
BIOMD0000000934,0.49848441494105966,60.0,user_specified
BIOMD0000000935,2.2963581152781422e-07,25.0,user_specified
BIOMD0000000936,5.197510740738302e-09,20.0,user_specified
BIOMD0000000937,1.8436545282357637,25.0,user_specified
BIOMD0000000938,2.2100117785896827,120.0,user_specified
BIOMD0000000939,3.048427603908759,6000.0,user_specified
BIOMD0000000940,0.0005664326553778709,1000.0,user_specified
BIOMD0000000941,3.9964569139108415,100.0,user_specified
BIOMD0000000942,2.8318948713741623,200.0,user_specified
BIOMD0000000944,1.6502258898462159,100.0,user_specified
BIOMD0000000948,5.8269573202624564e-15,25.0,user_specified
BIOMD0000000951,5.476556516884311,4800.0,user_specified
BIOMD0000000952,2.228180162552508,150.0,user_specified
BIOMD0000000953,0.3165376624565625,50.0,user_specified
BIOMD0000000954,0.05320324522342238,1200.0,user_specified
BIOMD0000000955,1.1232365397654176,360.0,user_specified
BIOMD0000000957,1.616032854936479,100.0,user_specified
BIOMD0000000959,0.05682094944219479,24.0,user_specified
BIOMD0000000963,1.2419460770003352,200.0,user_specified
BIOMD0000000964,0.18193481624475583,90.0,user_specified
BIOMD0000000965,0.9270943224328411,500.0,user_specified
BIOMD0000000966,9.888653740933839e-10,45.0,user_specified
BIOMD0000000967,0.13049083933459193,50.0,user_specified
BIOMD0000000968,0.4704415767535527,60.0,user_specified
BIOMD0000000969,0.11385878478354262,75.0,user_specified
BIOMD0000000971,0.04010179412396867,55.0,user_specified
BIOMD0000000972,0.39012404137381534,40.0,user_specified
BIOMD0000000973,0.06217834947543783,60.0,user_specified
BIOMD0000000975,2.151152228491136,92.0,user_specified
BIOMD0000000976,0.4195092122689814,93.0,user_specified
BIOMD0000000977,0.4310961638915459,90.0,user_specified
BIOMD0000000981,2.3315992817797686,80.0,user_specified
BIOMD0000000982,0.5355897845706173,53.0,user_specified
BIOMD0000000983,1.958084131785835,125.0,user_specified
BIOMD0000000985,0.08968265609101053,50.0,user_specified
BIOMD0000000986,5.601342357379553e-15,250.0,user_specified
BIOMD0000000987,4.909455903987914e-15,160.0,user_specified
BIOMD0000000988,1.8908705278910045,365.0,user_specified
BIOMD0000001005,1.6110068521266336,480.0,user_specified
BIOMD0000001006,2.1509120146007787,1200.0,user_specified
BIOMD0000001007,1.77673740808054,140.0,user_specified
BIOMD0000001008,0.0,1.0,user_specified
BIOMD0000001009,2.832596392831717,100.0,user_specified
BIOMD0000001010,0.7218844778778456,200.0,user_specified
BIOMD0000001011,0.417202752348701,60.0,user_specified
BIOMD0000001013,0.4066373425669178,60.0,user_specified
BIOMD0000001014,4.218856622708672,360.0,user_specified
BIOMD0000001015,0.570107275998763,15.0,user_specified
BIOMD0000001016,0.02094888122152825,100.0,user_specified
BIOMD0000001017,0.0008074723810056336,8640.0,user_specified
BIOMD0000001018,0.010462880201623908,8640.0,user_specified
BIOMD0000001019,3.3166245115718427,500.0,user_specified
BIOMD0000001021,0.17165539132591398,4.0,user_specified
BIOMD0000001022,0.001513698466919805,300.0,user_specified
BIOMD0000001023,2.266345394734385,30.0,user_specified
BIOMD0000001024,7.241254334830327,360.0,user_specified
BIOMD0000001025,0.0312923895626632,360.0,user_specified
BIOMD0000001026,4.4906669951346166e-15,40.0,user_specified
BIOMD0000001030,4.4408920985005867e-16,10.0,user_specified
BIOMD0000001031,1.2620887653160493,100.0,user_specified
BIOMD0000001032,2.403487448078262,80.0,user_specified
BIOMD0000001033,0.047801004179343506,100.0,user_specified
BIOMD0000001034,0.7072884395865796,20.0,user_specified
BIOMD0000001035,1.11430832224058,500.0,user_specified
BIOMD0000001036,0.22727078565917289,500.0,user_specified
BIOMD0000001037,2.9177628196050147,30.0,user_specified
BIOMD0000001038,0.9763770539088173,30.0,user_specified
BIOMD0000001040,4.682794703931453e-15,40.0,user_specified
BIOMD0000001041,0.6129228634312105,200.0,user_specified
BIOMD0000001042,4.624250226552353,100.0,user_specified
BIOMD0000001043,2.9318138567080876,100.0,user_specified
BIOMD0000001044,4.887767836284312,500.0,user_specified
BIOMD0000001045,1.428633124501606,140.0,user_specified
BIOMD0000001047,0.00033025469639208716,25.0,user_specified
BIOMD0000001048,0.04336050586584647,300.0,user_specified
BIOMD0000001052,2.591681003704438,30.0,user_specified
BIOMD0000001053,12.010445405569117,25.0,user_specified
BIOMD0000001054,0.4955992959011904,200.0,user_specified
BIOMD0000001055,1.5063338532345966e-08,10.0,user_specified
BIOMD0000001056,1.6399981327488674e-05,10000.0,user_specified
BIOMD0000001057,1.2204115302412887e-06,12000.0,user_specified
BIOMD0000001058,2.48931143644541,200.0,user_specified
BIOMD0000001059,1.1311091470495382,7000.0,user_specified
BIOMD0000001060,3.5587510615511634e-10,40.0,user_specified
