description,aggregation_type,mean,min,max,median,p25,p30,p75,p95,p99,count
BIOMD0000000539,model,57.893484076437765,2.9723299833375704e-05,9300.94625705197,0.28633471811096045,0.006292023894160747,0.04078065476833207,1.08779458302089,21.180077581052878,2102.992028468392,600
BIOMD0000000539,A,1.3990050584014246,0.753692499204462,2.848129055308731,1.0372379803808491,0.8962691782432023,0.9711217648318601,1.9641783179191146,2.382334463259218,2.8215139642407383,100
BIOMD0000000539,AgB,9.304444638341835,0.42470203812663804,44.47545153775935,2.5882151500308246,0.8891515430903898,1.158158131677967,12.961866615417625,36.58944583730286,39.45758960136926,100
BIOMD0000000539,gB,1.0783488035343864,0.2799228597652318,10.024129324726314,0.31161177783947075,0.28428245554190007,0.2863727571660516,0.47916330228297965,7.431669316361262,8.425741212803011,100
BIOMD0000000539,rB,0.1521272967541703,0.03818031378779748,1.159496908952328,0.09692812010002902,0.048427625006965416,0.05354067644926077,0.20436160797228814,0.3437518604450204,0.7194087068900917,100
BIOMD0000000539,B,335.3566577930071,0.0021331959204071473,9300.94625705197,0.004017640954292449,0.002592395691057584,0.0027806360736834135,0.01667132483176643,2936.406345427937,3666.959250246076,100
BIOMD0000000539,AB,0.0703208685877113,2.9723299833375704e-05,5.560923158005097,0.0004544247002869193,0.0004393960600123536,0.0004401638289745001,0.0006778286199601151,0.04768308561303652,0.976460901780902,100
BIOMD0000000540,model,0.3863992121366076,-415.9106101487932,651.243455278903,0.0049776154930831875,-0.03103112055223649,-0.015457657653053961,0.15651410221400866,2.026540684188668,13.500538862221811,2100
BIOMD0000000540,s1,0.0,0.0,0.0,0.0,0.0,0.0,0.0,0.0,0.0,100
BIOMD0000000540,s2,0.0,0.0,0.0,0.0,0.0,0.0,0.0,0.0,0.0,100
BIOMD0000000540,s3,0.17036181506104245,0.0005384069093131589,0.34844144037967467,0.1591401907014376,0.12460972918369746,0.1302627011651631,0.21123243814848905,0.27456005269838957,0.29774484813603025,100
BIOMD0000000540,s4,4.8721384999259705,0.9975825150510098,15.30529210176701,3.5912152482037527,1.0076764030485117,1.0096848343463576,7.998020594546804,13.514845506497009,14.93017603021333,100
BIOMD0000000540,s5,1.0512897401013845,0.19350415144828526,1.5532710573652952,1.0194638832439973,0.8699658098574186,0.8962520141047063,1.2309959749594706,1.475990697706091,1.5371744260282632,100
BIOMD0000000540,s6,0.04870855676279228,0.0,0.1684894885866004,0.03641396009039189,0.025852819144031276,0.02744479024350132,0.05989050133187876,0.12228888869882927,0.15665507615772525,100
BIOMD0000000540,s7,0.23375041340771457,0.09549284559623289,0.7919245094830947,0.1697040154814564,0.12292443256733081,0.13041721247843754,0.2812299419581828,0.5941451485955659,0.7794993233338693,100
BIOMD0000000540,s8,0.013259325629558626,0.0002592530759607662,0.10792645498587516,0.00909819468833126,0.007425955672729832,0.007709352748743663,0.011742329880242,0.028815649345792085,0.09866485705100374,100
BIOMD0000000540,s9,0.2579592168003191,0.09722768565321284,0.43790032396924844,0.24156160358841494,0.19830739907246342,0.2059952190155241,0.31261686115657256,0.4025545949481766,0.42680201092772546,100
BIOMD0000000540,s10,0.038823329468610154,0.01783525529739888,0.18389524632705034,0.02986578141361023,0.02245021336440748,0.023675431040195243,0.0445955501373196,0.08474877134058117,0.17706889277006144,100
BIOMD0000000540,s11,0.038215742848171974,0.0002033854455929578,0.900657680631263,0.0003066617657966769,0.0002661667965909106,0.00027758632135346887,0.03018320177402674,0.1647650490415864,0.44392088852416073,100
BIOMD0000000540,s12,0.0,0.0,0.0,0.0,0.0,0.0,0.0,0.0,0.0,100
BIOMD0000000540,s13,0.033226038670069014,1.5129232999415675e-16,0.2223249573677835,0.027911773299021874,0.02221065521946543,0.023156636193168444,0.037549813312779096,0.05188005930330911,0.10463057367090485,100
BIOMD0000000540,s14,-0.0934794531365448,-7.257816257129466,1.9735457758683201,-0.015268969668549504,-0.02339636490533179,-0.021417135558149007,-0.011081062391185427,-0.009087134397985466,0.9365982560243142,100
BIOMD0000000540,s15,0.2962211592479725,-12.952630174429796,58.11272703767591,-0.21051985763583198,-0.414386948301815,-0.3471508231392291,-0.14110172173435634,2.6285757006328234,9.21456458089115,100
BIOMD0000000540,s16,-4.085926918297958,-415.9106101487932,226.95911763831515,-2.945619829178572,-5.851001330153786,-4.886957840116797,-1.2327594757437437,26.281970380762164,90.53224084648267,100
BIOMD0000000540,s17,0.0018015891748006433,-3.05402272064088,7.949099036991544,-0.04393589614280295,-0.0866426507956204,-0.07254042065729246,-0.02942977873225857,0.4229490849966281,1.7892238464324013,100
BIOMD0000000540,s18,-0.778500700764643,-91.53342563392034,36.910769894845394,-0.5582323483066989,-1.1422004849432057,-0.9401007837083875,1.033339849020666,4.653348697071771,15.574215843446249,100
BIOMD0000000540,s20,-0.15108291065329124,-7.7595372683149195,0.0,-0.04532239848315795,-0.07771336299069564,-0.06799472456982976,-0.031988989898393855,-0.025894589553675938,-0.024696964662741867,100
BIOMD0000000540,s21,6.366810153311102,-14.531454777132296,651.243455278903,-0.29941889678400346,-0.5992506287122948,-0.5136986507074398,-0.14716853129541893,3.592765578903156,20.283994184449462,100
BIOMD0000000540,s19,-0.19919214268831006,-14.386724427323513,2.3683880064838125,-0.039664199855642256,-0.07306752115704804,-0.06253488670081567,-0.02722013451606283,-0.021758885509139868,0.8107691770806217,100
BIOMD0000000541,model,0.023260235440019247,-4.024413980948327,30.119663225672237,0.0006997440488558807,1.2720759828150077e-16,2.0937380857062182e-16,0.008571507436973139,0.07023086218431057,0.23543439412204273,3000
BIOMD0000000541,s2,0.0,0.0,0.0,0.0,0.0,0.0,0.0,0.0,0.0,100
BIOMD0000000541,s3,0.005780809925100477,0.0,0.01169209451122427,0.004631245502915191,1.4133116564630818e-16,5.211422733717501e-16,0.009978642951837823,0.011303899416884913,0.011612337403904691,100
BIOMD0000000541,s4,0.00806771270859762,0.006043141543336885,0.00865032380088266,0.008219571411650748,0.007932907044928416,0.008020707904389095,0.008494769773645276,0.008644219633353573,0.008650009228610762,100
BIOMD0000000541,s5,0.008321485741824173,0.0,0.015061401986312041,0.010922351918259396,1.8904577556723345e-16,2.4490971630422593e-16,0.011569426632258758,0.014921376172649674,0.015033186997113897,100
BIOMD0000000541,s6,5.145328808655538e-17,0.0,2.585140285217158e-16,0.0,0.0,0.0,1.2822519090557e-16,1.4009176814323255e-16,1.4380619434498484e-16,100
BIOMD0000000541,s7,0.007399757896923273,0.0,0.015916604871116107,0.008350884666206846,1.6916167232181665e-16,2.6496528333031023e-16,0.009579844013464912,0.015916604871116107,0.015916604871116107,100
BIOMD0000000541,s8,0.0014775013561819901,0.0,0.0023846582858120524,0.001843602782074398,2.0527864402643005e-16,7.006055558568577e-16,0.002303101312226106,0.0023678881009187264,0.0023812852743861773,100
BIOMD0000000541,s9,0.006477603082151264,0.0,0.013685255355881996,0.007975686484446572,1.189961608800359e-16,1.3107517616435816e-16,0.00840269194128296,0.013161050871837908,0.013577100820857568,100
BIOMD0000000541,s10,0.0013031680479136695,0.0,0.0025971031590617004,0.0004972682966566663,3.5270607236914916e-16,4.055311626314526e-16,0.0025162342948831205,0.002580516244118593,0.00259376874129006,100
BIOMD0000000541,s11,0.00020127302160718826,4.4901682258913e-05,0.003373251416686217,8.672638685292529e-05,5.893666237798361e-05,6.291959411326839e-05,0.0001683789439517711,0.0006299104918928043,0.0017462839542075935,100
BIOMD0000000541,s12,0.0,0.0,0.0,0.0,0.0,0.0,0.0,0.0,0.0,100
BIOMD0000000541,s13,0.0012573910588278032,0.0008759066998536585,0.0013336096573125882,0.0013285913641102147,0.001229920221317864,0.0012652256945134548,0.0013309417630603501,0.0013334884812274531,0.0013336007816178016,100
BIOMD0000000541,s14,0.2142626668874807,-1.8131820083322803,20.62562168967369,0.0,-2.7545086539871536e-16,-1.500562221283635e-16,0.06714176348122068,0.3320511723045571,1.7328951711299414,100
BIOMD0000000541,s15,0.01140303054181897,0.0,0.02000330071962456,0.014301537305572482,3.071360200351247e-16,1.5912570942772177e-15,0.01812210267078182,0.02000330071962456,0.02000330071962456,100
BIOMD0000000541,s16,-0.01718728100799727,-0.030963491030717983,-0.0,-0.022484332614279963,-0.025409886619061198,-0.024765422080616523,-3.116211809420239e-16,0.0,0.0,100
BIOMD0000000541,s17,9.730517322027193e-17,0.0,9.009401399988216e-16,0.0,0.0,0.0,1.5276253867405323e-16,3.5000159378136e-16,5.441678445592899e-16,100
BIOMD0000000541,s18,0.3263353204184894,-1.8024225426866178,30.119663225672237,0.046894465148473286,1.4670949551552123e-16,1.9351681075142553e-16,0.0668770497721892,0.3404779625396866,1.8948588994905158,100
BIOMD0000000541,s21,-0.011357646625097601,-3.4195115974336026,3.322621534829209,0.0,-0.06677905225585361,-0.033108941417566276,2.5661372587911553e-16,0.3093920916024249,1.140145985003044,100
BIOMD0000000541,s19,0.0017679913400633685,-4.024413980948327,3.975880446214968,5.962139942848086e-17,-0.0491132731271907,-0.035983886424078,0.07922217009933091,0.36747138664865137,1.3570949450290049,100
BIOMD0000000541,s23,0.021576574554368944,0.00907800801564535,0.07817023467402183,0.010891468695014353,0.009676286127889261,0.00987558935342786,0.025065673579543195,0.07093469091148841,0.07696441631433198,100
BIOMD0000000541,s25,0.008294995119615343,0.0033849354058651526,0.053857267163410175,0.005398166884911738,0.003993303676261655,0.004186742732196885,0.009403622672787335,0.02120537087379984,0.03444599589484276,100
BIOMD0000000541,s26,0.001263887884454242,0.00035330108719628045,0.0016969770409633606,0.0014481970096017615,0.0009286889643299432,0.0011074329851123294,0.001624558004588938,0.0016935210787101204,0.0016967310454647036,100
BIOMD0000000541,s27,0.0007977097598731267,0.0005710804020512557,0.005675532898925302,0.0006571502025523885,0.0005948983350973037,0.0006049336844285115,0.0007466806990993985,0.001374062063921681,0.003297552304132057,100
BIOMD0000000541,s29,0.070289756400899,0.03694282751402668,0.11449605760744307,0.06755701254106528,0.04801979216890553,0.05120020481771748,0.09250646198768189,0.10665633061306308,0.11284549420390981,100
BIOMD0000000541,s31,0.021529576300567663,0.007011338436646087,0.04375063877418071,0.018862282551480487,0.01095258683031953,0.012144092015238788,0.031212758358316366,0.04223646661824016,0.043746990896905716,100
BIOMD0000000541,s33,0.0027246235213305514,0.0008729356061463485,0.00440660048582206,0.0026542100280859725,0.0015388079331725092,0.0017188703870656425,0.004027629646767022,0.004396584979493805,0.004405854673271507,100
BIOMD0000000541,s35,7.823696183989214e-06,3.0537640850381363e-06,9.630684062806867e-06,8.169499169195638e-06,6.9527884671761874e-06,7.2109004415414905e-06,9.21204854483913e-06,9.609941478967814e-06,9.626926892830173e-06,100
BIOMD0000000541,s36,0.002683534440350688,9.932973418051246e-05,0.1390869544654584,0.00020090035146266516,0.00012978410238928957,0.00013928135589637264,0.0004947088845950137,0.0058166978341643956,0.042540371574743566,100
BIOMD0000000541,s37,0.00012016443175039387,3.577335403179147e-05,0.0018599711687255823,5.362468762210731e-05,4.154025348683634e-05,4.318116342892006e-05,9.577516465019391e-05,0.0003769626445538817,0.0010152248633254583,100
BIOMD0000000541,s38,0.0030076326972984678,8.832585835646107e-05,0.12951046890302123,0.0002888288988255612,0.00014204418342490197,0.00015970913906797189,0.0009625335524787907,0.008505798605613093,0.04371385559800989,100
BIOMD0000000543,model,416820.723673,0.0,1000000.0,5.753840123734182,0.00929132794327942,0.030357456203401443,1000000.0,1000000.0,1000000.0,10500
BIOMD0000000543,species_17,1000000.0,1000000.0,1000000.0,1000000.0,1000000.0,1000000.0,1000000.0,1000000.0,1000000.0,100
BIOMD0000000543,species_67,1000000.0,1000000.0,1000000.0,1000000.0,1000000.0,1000000.0,1000000.0,1000000.0,1000000.0,100
BIOMD0000000543,s118,13764.02477969566,0.05723596086772651,1000000.0,0.3625697532549399,0.11763798387257766,0.14116305533464937,3.347094857882511,1504.1259043584453,327033.66619814653,100
BIOMD0000000543,s119,101032.63608999929,0.00022369873817204808,1000000.0,0.21587917244508292,0.13279384620290405,0.1580171553017099,67.69025054878912,1000000.0,1000000.0,100
BIOMD0000000543,s120,103590.12630042234,0.003968904473697282,1000000.0,0.20374481679295003,0.1093271288829631,0.11545324264954919,3.923714636304105,1000000.0,1000000.0,100
BIOMD0000000543,s122,118292.1337913293,4.935504642019769e-05,1000000.0,0.01042760434849132,0.00942891805006051,0.00971554330889737,42.51788949729151,1000000.0,1000000.0,100
BIOMD0000000543,s126,154615.89993050304,1.590010019500417e-06,1000000.0,0.2839536799911787,0.003646546754948516,0.008016005085048147,748.0518078982526,1000000.0,1000000.0,100
BIOMD0000000543,s135,140000.30823951386,4.210135740539001e-05,1000000.0,0.3023302535259333,0.010970045402469075,0.01105337871610943,374.0852554347932,1000000.0,1000000.0,100
BIOMD0000000543,species_3,1000000.0,1000000.0,1000000.0,1000000.0,1000000.0,1000000.0,1000000.0,1000000.0,1000000.0,100
BIOMD0000000543,species_5,3.0834725439380772,1.3056510274370767,3.230441636460287,3.1891154818893153,3.157149893928204,3.1660223750043026,3.2118890969355602,3.2270167767042004,3.229767169411402,100
BIOMD0000000543,species_6,0.0007550351368654502,0.0005278064306960231,0.007384070282937389,0.0005402912350074033,0.0005294864547861431,0.00053037867482041,0.0006194133642592609,0.0014811059799443864,0.003864344706751966,100
BIOMD0000000543,species_7,1000000.0,1000000.0,1000000.0,1000000.0,1000000.0,1000000.0,1000000.0,1000000.0,1000000.0,100
BIOMD0000000543,species_8,1000000.0,1000000.0,1000000.0,1000000.0,1000000.0,1000000.0,1000000.0,1000000.0,1000000.0,100
BIOMD0000000543,species_9,1000000.0,1000000.0,1000000.0,1000000.0,1000000.0,1000000.0,1000000.0,1000000.0,1000000.0,100
BIOMD0000000543,species_10,1000000.0,1000000.0,1000000.0,1000000.0,1000000.0,1000000.0,1000000.0,1000000.0,1000000.0,100
BIOMD0000000543,species_11,2.357022922600216e-07,2.3490509954626845e-07,2.3589382903266828e-07,2.357890223564361e-07,2.3568823617840096e-07,2.3570812155307185e-07,2.3586489098930372e-07,2.358925185655018e-07,2.3589375377360497e-07,100
BIOMD0000000543,species_12,14231.473026195054,0.0007900623832089061,1000000.0,0.005665918091089522,0.0012510917442188272,0.0015621387192287029,0.11576201766593253,340.6697055399162,398790.7047201213,100
BIOMD0000000543,species_13,1000000.0,1000000.0,1000000.0,1000000.0,1000000.0,1000000.0,1000000.0,1000000.0,1000000.0,100
BIOMD0000000543,species_14,103842.82020261325,0.004117223715601655,1000000.0,0.2060232858122112,0.10963479036064688,0.11574607895897242,3.7508641934505187,1000000.0,1000000.0,100
BIOMD0000000543,species_15,1000000.0,1000000.0,1000000.0,1000000.0,1000000.0,1000000.0,1000000.0,1000000.0,1000000.0,100
BIOMD0000000543,species_16,1000000.0,1000000.0,1000000.0,1000000.0,1000000.0,1000000.0,1000000.0,1000000.0,1000000.0,100
BIOMD0000000543,species_18,43402.78326875486,0.00987561593775729,1000000.0,0.18850799409435182,0.03144226861981849,0.04209010405346064,6.111644466454656,72812.556043739,1000000.0,100
BIOMD0000000543,species_19,98281.14933728828,2.405808566933811e-06,1000000.0,6.0852832467433684e-05,1.4038935369990776e-05,1.8976584803540103e-05,0.24529657353073278,1000000.0,1000000.0,100
BIOMD0000000543,species_20,1.301291575711785e-06,1.3007293459565972e-06,1.305608823578405e-06,1.3007478251031388e-06,1.3007421363408739e-06,1.3007436447871244e-06,1.3011853712441821e-06,1.304010216563791e-06,1.3052468585242297e-06,100
BIOMD0000000543,species_21,43403.56119464044,0.010000513194280983,1000000.0,0.18981532182348337,0.031731064734549376,0.04245765428730316,6.135234741626979,72833.68701433312,1000000.0,100
BIOMD0000000543,species_22,140693.99367960764,0.00015624165442689546,1000000.0,0.30299181665391106,0.011018073537905102,0.011095025702545403,384.7385211094663,1000000.0,1000000.0,100
BIOMD0000000543,species_31,105168.2465564085,1.3267306728057313e-05,1000000.0,0.00011041336218016343,3.3311876516945336e-05,3.958840918260223e-05,1.6813931532499704,1000000.0,1000000.0,100
BIOMD0000000543,species_32,0.1321900119651147,0.11327724217854974,0.13494009145048474,0.13487421341536948,0.13319882483711434,0.13403151296336702,0.134937716136099,0.13494000575629284,0.1349400785037486,100
BIOMD0000000543,species_33,1000000.0,1000000.0,1000000.0,1000000.0,1000000.0,1000000.0,1000000.0,1000000.0,1000000.0,100
BIOMD0000000543,species_34,1000000.0,1000000.0,1000000.0,1000000.0,1000000.0,1000000.0,1000000.0,1000000.0,1000000.0,100
BIOMD0000000543,species_35,20.811456380571386,0.33098200041516296,31.434621081846082,28.22616828163575,7.7104108479433116,12.15968788110009,31.30644881103999,31.429978290463808,31.433919291010014,100
BIOMD0000000543,species_36,1000000.0,1000000.0,1000000.0,1000000.0,1000000.0,1000000.0,1000000.0,1000000.0,1000000.0,100
BIOMD0000000543,species_37,1000000.0,1000000.0,1000000.0,1000000.0,1000000.0,1000000.0,1000000.0,1000000.0,1000000.0,100
BIOMD0000000543,species_38,0.0,0.0,0.0,0.0,0.0,0.0,0.0,0.0,0.0,100
BIOMD0000000543,species_39,1000000.0,1000000.0,1000000.0,1000000.0,1000000.0,1000000.0,1000000.0,1000000.0,1000000.0,100
BIOMD0000000543,species_40,1000000.0,1000000.0,1000000.0,1000000.0,1000000.0,1000000.0,1000000.0,1000000.0,1000000.0,100
BIOMD0000000543,species_41,0.0,0.0,0.0,0.0,0.0,0.0,0.0,0.0,0.0,100
BIOMD0000000543,species_42,1000000.0,1000000.0,1000000.0,1000000.0,1000000.0,1000000.0,1000000.0,1000000.0,1000000.0,100
BIOMD0000000543,species_43,1000000.0,1000000.0,1000000.0,1000000.0,1000000.0,1000000.0,1000000.0,1000000.0,1000000.0,100
BIOMD0000000543,species_44,1000000.0,1000000.0,1000000.0,1000000.0,1000000.0,1000000.0,1000000.0,1000000.0,1000000.0,100
BIOMD0000000543,species_45,1000000.0,1000000.0,1000000.0,1000000.0,1000000.0,1000000.0,1000000.0,1000000.0,1000000.0,100
BIOMD0000000543,species_46,1000000.0,1000000.0,1000000.0,1000000.0,1000000.0,1000000.0,1000000.0,1000000.0,1000000.0,100
BIOMD0000000543,species_47,0.2356836557347903,0.2046059281303351,1.4213497461415596,0.20475743428359153,0.2046113749894583,0.20461663851662154,0.2088353581530622,0.3237854398512327,0.7487470141643388,100
BIOMD0000000543,species_48,1000000.0,1000000.0,1000000.0,1000000.0,1000000.0,1000000.0,1000000.0,1000000.0,1000000.0,100
BIOMD0000000543,species_49,0.0,0.0,0.0,0.0,0.0,0.0,0.0,0.0,0.0,100
BIOMD0000000543,species_50,1000000.0,1000000.0,1000000.0,1000000.0,1000000.0,1000000.0,1000000.0,1000000.0,1000000.0,100
BIOMD0000000543,species_51,0.0,0.0,0.0,0.0,0.0,0.0,0.0,0.0,0.0,100
BIOMD0000000543,species_52,1000000.0,1000000.0,1000000.0,1000000.0,1000000.0,1000000.0,1000000.0,1000000.0,1000000.0,100
BIOMD0000000543,species_53,1000000.0,1000000.0,1000000.0,1000000.0,1000000.0,1000000.0,1000000.0,1000000.0,1000000.0,100
BIOMD0000000543,species_54,1000000.0,1000000.0,1000000.0,1000000.0,1000000.0,1000000.0,1000000.0,1000000.0,1000000.0,100
BIOMD0000000543,species_55,1000000.0,1000000.0,1000000.0,1000000.0,1000000.0,1000000.0,1000000.0,1000000.0,1000000.0,100
BIOMD0000000543,species_56,1000000.0,1000000.0,1000000.0,1000000.0,1000000.0,1000000.0,1000000.0,1000000.0,1000000.0,100
BIOMD0000000543,species_57,0.0,0.0,0.0,0.0,0.0,0.0,0.0,0.0,0.0,100
BIOMD0000000543,species_58,1000000.0,1000000.0,1000000.0,1000000.0,1000000.0,1000000.0,1000000.0,1000000.0,1000000.0,100
BIOMD0000000543,species_59,0.0,0.0,0.0,0.0,0.0,0.0,0.0,0.0,0.0,100
BIOMD0000000543,species_60,1000000.0,1000000.0,1000000.0,1000000.0,1000000.0,1000000.0,1000000.0,1000000.0,1000000.0,100
BIOMD0000000543,species_61,1000000.0,1000000.0,1000000.0,1000000.0,1000000.0,1000000.0,1000000.0,1000000.0,1000000.0,100
BIOMD0000000543,species_62,1000000.0,1000000.0,1000000.0,1000000.0,1000000.0,1000000.0,1000000.0,1000000.0,1000000.0,100
BIOMD0000000543,species_63,1000000.0,1000000.0,1000000.0,1000000.0,1000000.0,1000000.0,1000000.0,1000000.0,1000000.0,100
BIOMD0000000543,species_64,0.0,0.0,0.0,0.0,0.0,0.0,0.0,0.0,0.0,100
BIOMD0000000543,species_65,1000000.0,1000000.0,1000000.0,1000000.0,1000000.0,1000000.0,1000000.0,1000000.0,1000000.0,100
BIOMD0000000543,species_66,1000000.0,1000000.0,1000000.0,1000000.0,1000000.0,1000000.0,1000000.0,1000000.0,1000000.0,100
BIOMD0000000543,species_74,0.0,0.0,0.0,0.0,0.0,0.0,0.0,0.0,0.0,100
BIOMD0000000543,species_75,1000000.0,1000000.0,1000000.0,1000000.0,1000000.0,1000000.0,1000000.0,1000000.0,1000000.0,100
BIOMD0000000543,species_76,1000000.0,1000000.0,1000000.0,1000000.0,1000000.0,1000000.0,1000000.0,1000000.0,1000000.0,100
BIOMD0000000543,species_78,0.7571158042727815,0.7199331687774477,1.9483851356548654,0.7390930065436769,0.7284344373246403,0.7304344974767667,0.7482718959262389,0.7705176931941476,1.1438623487488002,100
BIOMD0000000543,species_80,0.051530407684932514,0.013608884896959774,1.5676800802443225,0.024077280208777967,0.017775548000042878,0.018816226026240463,0.03617845190197931,0.09741313824060677,0.4105162823373995,100
BIOMD0000000543,species_81,3.573587433383201,0.03949662376366499,155.53889572161248,0.13733263838490062,0.06843595354519517,0.07735448231361924,0.4477133084190166,8.785350114973333,79.95285338817203,100
BIOMD0000000543,species_82,12809.128001208876,0.20420433041510758,1000000.0,1.1964772115279647,0.4092151322625849,0.4874254019690972,9.461295547712895,2098.132202565963,232346.32211815135,100
BIOMD0000000543,species_83,13206.944237874566,0.04439699360339908,1000000.0,0.28041276099200785,0.09117304435153337,0.10937497604480156,2.5753595234989115,1154.1017404525142,283107.6624107679,100
BIOMD0000000543,species_84,1.3740166995904648e-07,1.3524978294299365e-07,1.3792077096189487e-07,1.3763360590621162e-07,1.3735201465111795e-07,1.3741512767087884e-07,1.378428060373408e-07,1.3791680473657287e-07,1.3792042434932495e-07,100
BIOMD0000000543,species_85,17814.371288158603,0.0005116282378285083,1000000.0,0.01511558423935147,0.0029521256577891195,0.00392588636153828,0.3006223889946528,773.0657918744913,722501.9098430227,100
BIOMD0000000543,species_86,100129.12090702982,0.0009026412166971931,1000000.0,0.2156004922730252,0.13664816208346015,0.15782961575308863,66.62965576633556,1000000.0,1000000.0,100
BIOMD0000000543,species_87,103267.9588429238,0.0038178334242172933,1000000.0,0.2014723960621134,0.10902048103114276,0.11516115305957836,4.962973776547937,1000000.0,1000000.0,100
BIOMD0000000543,species_88,5797.407951871963,0.0005496404665529897,568767.1132569769,0.0044677078601400265,0.0012656192725727278,0.0015567314516284328,0.04988583460042517,31.43894212396505,15179.645268625613,100
BIOMD0000000543,species_90,42101.100840176456,0.010040364661800442,1000000.0,0.18782976644244542,0.03166916908391696,0.04232062871102537,5.916448033032664,59795.1164989014,1000000.0,100
BIOMD0000000543,species_91,42101.14817130891,0.009892139864410733,1000000.0,0.18652494775937267,0.03136421253651152,0.04193881249480699,5.893608775320297,59777.25179639451,1000000.0,100
BIOMD0000000543,species_98,103769.47582610691,1.8792190621903105e-05,1000000.0,6.243945959608382e-05,3.507855167566075e-05,3.7392519524501724e-05,1.3722446418046377,1000000.0,1000000.0,100
BIOMD0000000543,species_99,95665.20568197781,2.2729153903676977e-07,1000000.0,5.068600712670175e-05,1.1744062810758005e-05,1.482357416815161e-05,0.19142372586515455,1000000.0,1000000.0,100
BIOMD0000000543,species_100,243012.87710783374,0.23890560582246187,1000000.0,0.8522799151347642,0.3233211366179527,0.3260904203645067,192646.43364972918,1000000.0,1000000.0,100
BIOMD0000000543,species_101,139351.20260721364,7.221887615827282e-05,1000000.0,0.30166932470998786,0.010921977271703139,0.0110117098884057,363.71561983624036,1000000.0,1000000.0,100
BIOMD0000000543,species_104,219695.5370697564,0.007076865726894249,1000000.0,0.12281694348007491,0.11734795615117516,0.11912162398635959,25718.310305500643,1000000.0,1000000.0,100
BIOMD0000000543,species_105,241030.20401147695,0.0016064209977305975,1000000.0,0.43662289850145486,0.015190631156324819,0.015602493667158917,156847.67223017948,1000000.0,1000000.0,100
BIOMD0000000543,species_106,231942.6019149405,0.00022527154830054638,1000000.0,0.0830238194951284,0.0011532141503656518,0.0012438150900972032,68179.89247301819,1000000.0,1000000.0,100
BIOMD0000000543,species_107,3.0834725439380763,1.305651027437076,3.2304416364602866,3.1891154818893144,3.1571498939282043,3.166022375004303,3.2118890969355594,3.2270167767042,3.2297671694114025,100
BIOMD0000000543,species_108,1.0009867232559692e-09,7.479256680653642e-10,1.063498405768268e-09,1.0285134760904905e-09,9.906989863170231e-10,9.985612309494309e-10,1.0541576121708932e-09,1.0630902820331422e-09,1.0634791480256087e-09,100
BIOMD0000000543,s138,1000000.0,1000000.0,1000000.0,1000000.0,1000000.0,1000000.0,1000000.0,1000000.0,1000000.0,100
BIOMD0000000543,s139,1000000.0,1000000.0,1000000.0,1000000.0,1000000.0,1000000.0,1000000.0,1000000.0,1000000.0,100
BIOMD0000000543,s140,0.00073785970686879,0.00033953447045916176,0.0008431648528871388,0.0008131390199228207,0.000682078089503242,0.0007247666612380763,0.0008388913218295096,0.0008428036962782236,0.0008431031510372426,100
BIOMD0000000543,species_68,21740.914279499368,0.09550016749234878,1000000.0,0.6172090328706408,0.1978116002823393,0.23782979201041235,5.896709376704431,3515.040459027407,1000000.0,100
BIOMD0000000543,species_92,114490.36448164376,5.34100537083758e-06,1000000.0,0.021263356024157746,0.01926372998757256,0.020581915928245844,30.1562967531375,1000000.0,1000000.0,100
BIOMD0000000543,species_94,165585.90274091874,0.00014697660666368952,1000000.0,0.2910708634738889,0.003382723995415377,0.007072751460965174,1293.6408332649805,1000000.0,1000000.0,100
BIOMD0000000543,species_95,128851.65467034002,0.0007710053846616971,1000000.0,0.028248476086714318,0.0014591176972060334,0.0018901275043666681,78.1538576157393,1000000.0,1000000.0,100
BIOMD0000000543,species_96,154759.6760631494,9.279063779112678e-06,1000000.0,0.03675649587972073,0.00028328498751459166,0.0006369767770624824,318.8009635440663,1000000.0,1000000.0,100
BIOMD0000000543,species_97,108679.17086636642,4.469468826527938e-05,1000000.0,0.0009084121793594361,0.000731887363344784,0.0007775010273234459,7.635256532485691,1000000.0,1000000.0,100
BIOMD0000000543,species_102,149483.80749731927,4.36954591164374e-05,1000000.0,0.2800654907724128,0.0036687032700764457,0.008561318493722556,564.0304111861127,1000000.0,1000000.0,100
BIOMD0000000543,species_103,142125.00541866603,5.294963211354399e-07,1000000.0,0.04622143564705883,0.000540854205555771,0.0011864779407736055,173.5404546800532,1000000.0,1000000.0,100
BIOMD0000000543,species_23,118947.6802845904,0.00014642791633408055,1000000.0,0.01046552625244365,0.009457579367937341,0.009750411625072387,43.468283973089875,1000000.0,1000000.0,100
BIOMD0000000543,species_24,1.7940967236644538e-12,9.710750788698232e-15,2.072297888857775e-12,2.057258067604077e-12,1.840453716343194e-12,1.9554728212236943e-12,2.0615509299660745e-12,2.0715991884968376e-12,2.0721806493096917e-12,100
BIOMD0000000543,species_25,155595.87474099314,1.2512616704663292e-05,1000000.0,0.28439335633426166,0.0036072314625435714,0.007954098426469254,770.5499882383417,1000000.0,1000000.0,100
BIOMD0000000543,species_26,133960.36388722665,0.0003753971144134652,1000000.0,0.029789674990468834,0.0009426789025562282,0.0013694829718533463,101.29812769584673,1000000.0,1000000.0,100
BIOMD0000000543,species_27,170171.66507079775,0.00012216945488094716,1000000.0,0.2966506386129065,0.002925780995481443,0.00628188898634917,1698.5274573853,1000000.0,1000000.0,100
BIOMD0000000543,species_28,149984.77642120945,3.6749386570792663e-06,1000000.0,0.03681597579639746,0.0002824847657702869,0.0006475059734249053,265.44920184654575,1000000.0,1000000.0,100
BIOMD0000000543,species_29,147973.28140829562,3.704531246493497e-07,1000000.0,0.04838996082415717,0.0005008063591342319,0.0010950099140365787,243.00277606597098,1000000.0,1000000.0,100
BIOMD0000000543,species_30,111780.6769737984,0.0003017232220866356,1000000.0,0.000683815899507112,0.0005635665247923643,0.0006016535718630815,9.298420176241791,1000000.0,1000000.0,100
BIOMD0000000544,model,407580.9103562801,0.0,1000000.0,3.4248098119765036,0.008748725143540689,0.026034070831106218,1000000.0,1000000.0,1000000.0,10200
BIOMD0000000544,s118,10549.548319403655,0.024507774020318077,1000000.0,0.1462675190681494,0.04958758743862472,0.059170918969069404,1.1815109637820957,318.4657951723739,54873.05436051352,100
BIOMD0000000544,s119,96717.47703731639,0.00423029080703065,1000000.0,0.6582947340047918,0.3017619275322898,0.4062680276934774,88.72514785354915,1000000.0,1000000.0,100
BIOMD0000000544,s120,97170.7332141871,0.005444283075974654,1000000.0,0.20105878671238275,0.10719540517796478,0.11395144669991895,3.245122219878079,1000000.0,1000000.0,100
BIOMD0000000544,s122,113103.6165806294,0.002088309369797245,1000000.0,0.010393049559515298,0.009543456475678067,0.009780133342185018,34.95843421534228,1000000.0,1000000.0,100
BIOMD0000000544,species_3,1000000.0,1000000.0,1000000.0,1000000.0,1000000.0,1000000.0,1000000.0,1000000.0,1000000.0,100
BIOMD0000000544,species_5,3.283818737567147,1.410053116310096,3.4332192821766347,3.388215265640098,3.35442914056431,3.363111986983324,3.4131416393731486,3.4295293009179,3.4324932053694996,100
BIOMD0000000544,species_6,0.0008417714749697676,0.0006040134221670292,0.007909448762022906,0.0006149464072439704,0.0006053285961980996,0.0006060798077041165,0.0006936168598098583,0.0016055170647960115,0.004149642566359706,100
BIOMD0000000544,species_7,1000000.0,1000000.0,1000000.0,1000000.0,1000000.0,1000000.0,1000000.0,1000000.0,1000000.0,100
BIOMD0000000544,species_8,1000000.0,1000000.0,1000000.0,1000000.0,1000000.0,1000000.0,1000000.0,1000000.0,1000000.0,100
BIOMD0000000544,species_9,1000000.0,1000000.0,1000000.0,1000000.0,1000000.0,1000000.0,1000000.0,1000000.0,1000000.0,100
BIOMD0000000544,species_10,1000000.0,1000000.0,1000000.0,1000000.0,1000000.0,1000000.0,1000000.0,1000000.0,1000000.0,100
BIOMD0000000544,species_11,1.0220135991942922e-08,1.0020999070548e-08,1.0267498891159312e-08,1.0241609081961257e-08,1.0213707364888131e-08,1.021964982393601e-08,1.026050966782588e-08,1.0267185843480754e-08,1.0267485498299354e-08,100
BIOMD0000000544,species_12,10576.710827968172,6.23705679862255e-06,1000000.0,0.004362067830917105,0.0008484323909351997,0.0011563444703971124,0.07521571666506678,107.47099344971329,61135.152328929034,100
BIOMD0000000544,species_13,1000000.0,1000000.0,1000000.0,1000000.0,1000000.0,1000000.0,1000000.0,1000000.0,1000000.0,100
BIOMD0000000544,species_14,93503.56574742668,0.0033618732351076985,1000000.0,0.16824851206967684,0.10554757784048469,0.11250488294431923,2.69399566428698,1000000.0,1000000.0,100
BIOMD0000000544,species_15,1000000.0,1000000.0,1000000.0,1000000.0,1000000.0,1000000.0,1000000.0,1000000.0,1000000.0,100
BIOMD0000000544,species_16,1000000.0,1000000.0,1000000.0,1000000.0,1000000.0,1000000.0,1000000.0,1000000.0,1000000.0,100
BIOMD0000000544,species_18,34294.96265911318,0.011429142975889555,1000000.0,0.1911588916412109,0.03471272101977254,0.045875822609390306,5.035907884945317,25540.046766321208,1000000.0,100
BIOMD0000000544,species_19,94073.0588285533,3.7489315481665486e-06,1000000.0,6.007744844701788e-05,1.5056309278178437e-05,1.7493575182461125e-05,0.1823110848386266,1000000.0,1000000.0,100
BIOMD0000000544,species_20,1.6053775721807588e-06,1.6045717532620074e-06,1.6114155832055199e-06,1.6046084573138244e-06,1.604598777001038e-06,1.6046012707595167e-06,1.6052417794668735e-06,1.6092067744541359e-06,1.6109167929503668e-06,100
BIOMD0000000544,species_21,34295.39613665938,0.011574029922207851,1000000.0,0.19256148987223742,0.03504181433171902,0.04629129765898284,5.057350906073063,25550.99806480248,1000000.0,100
BIOMD0000000544,species_22,129889.59060259059,0.00022657619388036083,1000000.0,0.3010676040382855,0.010861514807077947,0.011061078446469856,255.25842332731298,1000000.0,1000000.0,100
BIOMD0000000544,species_31,100681.92567014188,1.6811577106110796e-05,1000000.0,0.00010234637230081253,3.7934501625686674e-05,4.080391215872923e-05,1.2763581616470956,1000000.0,1000000.0,100
BIOMD0000000544,species_32,0.1412197669957078,0.12108851503977958,0.14393676093134616,0.14389320506952025,0.1424776932056812,0.14321119102566604,0.14393550984668083,0.14393672189982826,0.14393675518807325,100
BIOMD0000000544,species_33,1000000.0,1000000.0,1000000.0,1000000.0,1000000.0,1000000.0,1000000.0,1000000.0,1000000.0,100
BIOMD0000000544,species_34,1000000.0,1000000.0,1000000.0,1000000.0,1000000.0,1000000.0,1000000.0,1000000.0,1000000.0,100
BIOMD0000000544,species_35,22.965650834394708,0.35694538714034224,33.53365714252205,31.3263362347356,9.851772857606914,15.360455203938637,33.46600543713551,33.53153744875459,33.5333440038961,100
BIOMD0000000544,species_36,1000000.0,1000000.0,1000000.0,1000000.0,1000000.0,1000000.0,1000000.0,1000000.0,1000000.0,100
BIOMD0000000544,species_37,1000000.0,1000000.0,1000000.0,1000000.0,1000000.0,1000000.0,1000000.0,1000000.0,1000000.0,100
BIOMD0000000544,species_38,0.0,0.0,0.0,0.0,0.0,0.0,0.0,0.0,0.0,100
BIOMD0000000544,species_39,1000000.0,1000000.0,1000000.0,1000000.0,1000000.0,1000000.0,1000000.0,1000000.0,1000000.0,100
BIOMD0000000544,species_40,1000000.0,1000000.0,1000000.0,1000000.0,1000000.0,1000000.0,1000000.0,1000000.0,1000000.0,100
BIOMD0000000544,species_41,0.0,0.0,0.0,0.0,0.0,0.0,0.0,0.0,0.0,100
BIOMD0000000544,species_42,1000000.0,1000000.0,1000000.0,1000000.0,1000000.0,1000000.0,1000000.0,1000000.0,1000000.0,100
BIOMD0000000544,species_43,1000000.0,1000000.0,1000000.0,1000000.0,1000000.0,1000000.0,1000000.0,1000000.0,1000000.0,100
BIOMD0000000544,species_44,1000000.0,1000000.0,1000000.0,1000000.0,1000000.0,1000000.0,1000000.0,1000000.0,1000000.0,100
BIOMD0000000544,species_45,1000000.0,1000000.0,1000000.0,1000000.0,1000000.0,1000000.0,1000000.0,1000000.0,1000000.0,100
BIOMD0000000544,species_46,1000000.0,1000000.0,1000000.0,1000000.0,1000000.0,1000000.0,1000000.0,1000000.0,1000000.0,100
BIOMD0000000544,species_47,0.24839408032693813,0.21824710044635615,1.4238903699938648,0.21834723243810406,0.21824996857955586,0.21825299464630496,0.22174997003758404,0.3323039644434739,0.7529351020038727,100
BIOMD0000000544,species_48,1000000.0,1000000.0,1000000.0,1000000.0,1000000.0,1000000.0,1000000.0,1000000.0,1000000.0,100
BIOMD0000000544,species_49,0.0,0.0,0.0,0.0,0.0,0.0,0.0,0.0,0.0,100
BIOMD0000000544,species_50,1000000.0,1000000.0,1000000.0,1000000.0,1000000.0,1000000.0,1000000.0,1000000.0,1000000.0,100
BIOMD0000000544,species_51,0.0,0.0,0.0,0.0,0.0,0.0,0.0,0.0,0.0,100
BIOMD0000000544,species_52,1000000.0,1000000.0,1000000.0,1000000.0,1000000.0,1000000.0,1000000.0,1000000.0,1000000.0,100
BIOMD0000000544,species_53,1000000.0,1000000.0,1000000.0,1000000.0,1000000.0,1000000.0,1000000.0,1000000.0,1000000.0,100
BIOMD0000000544,species_54,1000000.0,1000000.0,1000000.0,1000000.0,1000000.0,1000000.0,1000000.0,1000000.0,1000000.0,100
BIOMD0000000544,species_55,1000000.0,1000000.0,1000000.0,1000000.0,1000000.0,1000000.0,1000000.0,1000000.0,1000000.0,100
BIOMD0000000544,species_56,1000000.0,1000000.0,1000000.0,1000000.0,1000000.0,1000000.0,1000000.0,1000000.0,1000000.0,100
BIOMD0000000544,species_57,0.0,0.0,0.0,0.0,0.0,0.0,0.0,0.0,0.0,100
BIOMD0000000544,species_58,1000000.0,1000000.0,1000000.0,1000000.0,1000000.0,1000000.0,1000000.0,1000000.0,1000000.0,100
BIOMD0000000544,species_59,0.0,0.0,0.0,0.0,0.0,0.0,0.0,0.0,0.0,100
BIOMD0000000544,species_60,1000000.0,1000000.0,1000000.0,1000000.0,1000000.0,1000000.0,1000000.0,1000000.0,1000000.0,100
BIOMD0000000544,species_61,1000000.0,1000000.0,1000000.0,1000000.0,1000000.0,1000000.0,1000000.0,1000000.0,1000000.0,100
BIOMD0000000544,species_62,1000000.0,1000000.0,1000000.0,1000000.0,1000000.0,1000000.0,1000000.0,1000000.0,1000000.0,100
BIOMD0000000544,species_63,1000000.0,1000000.0,1000000.0,1000000.0,1000000.0,1000000.0,1000000.0,1000000.0,1000000.0,100
BIOMD0000000544,species_64,0.0,0.0,0.0,0.0,0.0,0.0,0.0,0.0,0.0,100
BIOMD0000000544,species_65,1000000.0,1000000.0,1000000.0,1000000.0,1000000.0,1000000.0,1000000.0,1000000.0,1000000.0,100
BIOMD0000000544,species_66,1000000.0,1000000.0,1000000.0,1000000.0,1000000.0,1000000.0,1000000.0,1000000.0,1000000.0,100
BIOMD0000000544,s126,148657.8496271664,1.3326942105737573e-05,1000000.0,0.28442136248116323,0.0042706513977397165,0.009055102772905164,569.3618217516357,1000000.0,1000000.0,100
BIOMD0000000544,s135,133623.03973245042,0.0003655984868344019,1000000.0,0.30327331188620255,0.011071783288534054,0.011226344207908719,290.1614166627874,1000000.0,1000000.0,100
BIOMD0000000544,species_74,0.0,0.0,0.0,0.0,0.0,0.0,0.0,0.0,0.0,100
BIOMD0000000544,species_75,1000000.0,1000000.0,1000000.0,1000000.0,1000000.0,1000000.0,1000000.0,1000000.0,1000000.0,100
BIOMD0000000544,species_76,1000000.0,1000000.0,1000000.0,1000000.0,1000000.0,1000000.0,1000000.0,1000000.0,1000000.0,100
BIOMD0000000544,species_78,0.8026045002987672,0.763990491126393,1.9677386494271807,0.7856989499743117,0.7738093845500511,0.7760536384812281,0.7958125291263527,0.8090768466042401,1.170012457240923,100
BIOMD0000000544,species_80,0.05454188100639989,0.015454620638965681,1.5753743371362434,0.02660950048558279,0.01986640096862494,0.020975480854583697,0.03960281476748706,0.1034072642876137,0.4172810241179345,100
BIOMD0000000544,species_81,3.382530578127171,0.043935413188039514,146.58786880176055,0.1428958122188056,0.07341964580648475,0.08247076703976974,0.4489178942158256,8.37956445909429,74.7355039362789,100
BIOMD0000000544,species_82,12613.300620616405,0.14295448009357478,1000000.0,0.8333585920382138,0.285176859164339,0.33946278250400247,6.7567549374320475,1778.5935687106999,218813.05313950518,100
BIOMD0000000544,species_83,11697.862068918264,0.022095209617480408,1000000.0,0.1357525424169152,0.04493946089859976,0.05376654715479018,1.204214093338548,548.023320509478,155817.92601486287,100
BIOMD0000000544,species_84,1.609135404262385e-07,1.5818717361071582e-07,1.615443136841854e-07,1.6121207172476294e-07,1.6088700127312088e-07,1.609521006894489e-07,1.6145078890172262e-07,1.6153998927663597e-07,1.6154408970319372e-07,100
BIOMD0000000544,species_85,17436.218299988846,0.0005837298897264249,1000000.0,0.01718960394311534,0.0034348440985972188,0.004554933949914434,0.3264117439078027,772.3066006258445,686808.688001582,100
BIOMD0000000544,species_86,97793.28975833446,0.0010224215886526077,1000000.0,0.215984517017106,0.12085732953570631,0.13251630592968408,46.59360911320703,1000000.0,1000000.0,100
BIOMD0000000544,species_87,101566.1187980022,0.005506034854878344,1000000.0,0.20074890994993955,0.10885032195408947,0.11540347529774195,5.139669499453992,1000000.0,1000000.0,100
BIOMD0000000544,species_88,12097.69307861894,0.0064168490789923895,1000000.0,0.04772978690437889,0.013928495388857539,0.01697516620037738,0.5716421100768461,520.6661527304243,192704.1765410161,100
BIOMD0000000544,species_90,40420.18334495157,0.010959552835751006,1000000.0,0.19272770413410284,0.033705613670898124,0.04476735823922348,5.710990443371603,52296.00386377363,1000000.0,100
BIOMD0000000544,species_91,40420.26083113761,0.01078074660161568,1000000.0,0.191330098292191,0.03336184110772581,0.04434204275576231,5.6877422121817744,52279.508017454784,1000000.0,100
BIOMD0000000544,species_98,102590.58376969589,1.9656788592036475e-05,1000000.0,7.223148318677317e-05,4.197079539698629e-05,4.300716320710565e-05,1.276477647133592,1000000.0,1000000.0,100
BIOMD0000000544,species_99,94582.89551313802,2.8976950623497746e-07,1000000.0,5.681656346052094e-05,1.1600479125701808e-05,1.3988211694940675e-05,0.17312486957562567,1000000.0,1000000.0,100
BIOMD0000000544,species_100,240460.11749972843,0.22164874660801,1000000.0,0.6815310411667497,0.3137032450357675,0.316734523471792,155079.22405608857,1000000.0,1000000.0,100
BIOMD0000000544,species_101,137859.200046787,0.0007290370924615818,1000000.0,0.3054612381638939,0.0112182927818804,0.011386472598202137,329.60819090955283,1000000.0,1000000.0,100
BIOMD0000000544,species_104,213347.23508617198,0.0059121622708853405,1000000.0,0.1774955059772253,0.11930198483745903,0.12092814901543823,13330.92984817881,1000000.0,1000000.0,100
BIOMD0000000544,species_105,240223.51951702248,0.0021025847790182603,1000000.0,0.44769930595981,0.01567271259394003,0.01617711359799152,145596.5172824488,1000000.0,1000000.0,100
BIOMD0000000544,species_106,230912.7386385566,0.00011823473772210383,1000000.0,0.08345384961128183,0.0011610511217102879,0.0012098674744994828,62149.77375116463,1000000.0,1000000.0,100
BIOMD0000000544,species_107,3.2838187375671457,1.410053116310096,3.4332192821766347,3.3882152656400972,3.354429140564309,3.363111986983324,3.4131416393731477,3.429529300917899,3.4324932053694996,100
BIOMD0000000544,species_108,2.4621928863153464e-08,2.4250393408920043e-08,2.4710685419212207e-08,2.4662109825219875e-08,2.460970102506469e-08,2.46204760309184e-08,2.4697589451151594e-08,2.4710091192543966e-08,2.4710656310661806e-08,100
BIOMD0000000544,s138,1000000.0,1000000.0,1000000.0,1000000.0,1000000.0,1000000.0,1000000.0,1000000.0,1000000.0,100
BIOMD0000000544,s139,1000000.0,1000000.0,1000000.0,1000000.0,1000000.0,1000000.0,1000000.0,1000000.0,1000000.0,100
BIOMD0000000544,s140,0.0008528516508507364,0.0003898852911586064,0.0009655276992664901,0.0009388092924674963,0.0008002992913240352,0.0008475623308849789,0.0009621518307009415,0.0009652619774851165,0.0009654822398799728,100
BIOMD0000000544,species_92,112337.9672983219,2.3957697288604425e-05,1000000.0,0.022269824357326214,0.019931836434253492,0.021394656558489572,28.608153943699627,1000000.0,1000000.0,100
BIOMD0000000544,species_94,162906.8194267864,0.00017313245045358342,1000000.0,0.293608731105367,0.0037051832775544164,0.007642448248951404,1145.0475529910773,1000000.0,1000000.0,100
BIOMD0000000544,species_95,127609.70767103085,0.0008221720967149066,1000000.0,0.030263923868665,0.0015673444167737809,0.0020435796695390156,73.87599448166961,1000000.0,1000000.0,100
BIOMD0000000544,species_96,152089.69624553213,1.1131834697469838e-05,1000000.0,0.0367479913725068,0.00030611258068243073,0.000690088714939239,282.7073282586007,1000000.0,1000000.0,100
BIOMD0000000544,species_97,107345.96971355018,3.170878985489374e-05,1000000.0,0.0009291723660011331,0.0007589740706226338,0.0008044810921899435,7.171905600557418,1000000.0,1000000.0,100
BIOMD0000000544,species_102,147852.8072328655,2.379321751030923e-05,1000000.0,0.28311411289417654,0.004058257208134934,0.00926912451863521,502.91252596274427,1000000.0,1000000.0,100
BIOMD0000000544,species_103,139912.38845686684,3.6938868590699825e-06,1000000.0,0.04719550652408787,0.000605464288222321,0.001307028392415733,154.8265129513128,1000000.0,1000000.0,100
BIOMD0000000544,species_23,108875.35325756864,0.002334388490021578,1000000.0,0.010219653358900554,0.009442936699238357,0.009665089749239082,30.598124315682888,1000000.0,1000000.0,100
BIOMD0000000544,species_24,3.343662534059211e-12,5.6606572043015945e-14,3.820114595081317e-12,3.793706090012468e-12,3.4371024576238133e-12,3.6277469933412967e-12,3.801581272000889e-12,3.819409973561813e-12,3.8201145950703366e-12,100
BIOMD0000000544,species_25,144777.2391690282,2.2006249033780494e-05,1000000.0,0.2823598287657385,0.0044889202633135745,0.009394808540232438,495.9234967358295,1000000.0,1000000.0,100
BIOMD0000000544,species_26,127347.7359239157,0.00037940703707030674,1000000.0,0.032021392951535256,0.0010119733364521769,0.0015028565062175903,79.73471424187261,1000000.0,1000000.0,100
BIOMD0000000544,species_27,162964.17037641074,0.0001589664743535929,1000000.0,0.29633372186272366,0.00338885380318757,0.007111358107971629,1225.4951880769809,1000000.0,1000000.0,100
BIOMD0000000544,species_28,143923.78916252113,6.291936769590262e-06,1000000.0,0.037230494365769785,0.00033834852796195305,0.0007631571789359142,193.1640921765245,1000000.0,1000000.0,100
BIOMD0000000544,species_29,137586.99178533323,6.466429819910172e-06,1000000.0,0.04758534244663243,0.0006144026621170368,0.0012920034696145854,150.31489629882873,1000000.0,1000000.0,100
BIOMD0000000544,species_30,106529.36449002437,5.534972717037992e-05,1000000.0,0.0008084025458161941,0.0006685457893047561,0.0007029518945338342,7.229746251916658,1000000.0,1000000.0,100
BIOMD0000000545,model,71455.91838681922,0.0,1000000.0,1.124843647591343,0.06709230906833469,0.17557890553311392,11.844899985847396,1000000.0,1000000.0,1400
BIOMD0000000545,CS,0.7299593215350119,0.28176503636131717,2.7788807239633515,0.43430374114116294,0.3169799970289987,0.32934032034214483,0.941054201562062,2.0436766971602807,2.4347798556710307,100
BIOMD0000000545,CD,114.14257045326129,30.55550870372455,115.93277574271679,115.48264000817261,115.36539781484825,115.38097975531232,115.69403288857022,115.88537675401346,115.9233087671385,100
BIOMD0000000545,CDCS,222.58641437412348,1.8592584392337668,919.8190021922068,107.39216104799273,46.36271470345883,53.31386193265743,316.81723062768987,780.9972916835383,897.05696806258,100
BIOMD0000000545,UVR8M,1.2669440418492506,0.5880256396940003,2.856764161899193,0.9950723321302074,0.6914625291645831,0.7272940731608591,1.7350520479917066,2.6127718450385777,2.8074193982112936,100
BIOMD0000000545,UCS,0.3284227857417934,0.17483970671822893,1.3234695448293163,0.25913341274918406,0.1984415235537556,0.20822011511092184,0.3374972477308144,0.7722746024955447,0.990515269619128,100
BIOMD0000000545,UVR8D,35.90955537252509,4.755213049530636,229.24127123785195,9.343367384657068,5.735932091069732,6.111886585645455,32.328432578741,188.10073825175886,226.00347723277275,100
BIOMD0000000545,RUP,3.2246472254998606,9.02671506089791e-06,54.62830802380232,0.5496067796181041,0.10867979800905117,0.17492797791242598,1.2241032982617654,21.2543721322653,41.77149646994688,100
BIOMD0000000545,UR,0.41556822789131287,0.001267718391307135,16.51526116819715,0.11259923309699532,0.05189137539977159,0.0614732042881989,0.15847609353075662,1.136126083640941,5.87285717587822,100
BIOMD0000000545,UVR8_M,1000000.0,1000000.0,1000000.0,1000000.0,1000000.0,1000000.0,1000000.0,1000000.0,1000000.0,100
BIOMD0000000545,COP1,0.0,0.0,0.0,0.0,0.0,0.0,0.0,0.0,0.0,100
BIOMD0000000545,HY5,0.009199989422096854,0.0018589594461714044,0.31001803978043174,0.004559841568520498,0.0031507074048455867,0.0034310641869485787,0.006370199050574145,0.01545128371586361,0.06891859822887679,100
BIOMD0000000545,FHY3,0.0,0.0,0.0,0.0,0.0,0.0,0.0,0.0,0.0,100
BIOMD0000000545,DWD,2.5061992524167676,2.328623656186835,2.510505594361847,2.5092510962401846,2.5067715421782437,2.50737330801607,2.5103764650108404,2.5105040091853956,2.510505519475163,100
BIOMD0000000545,CDW,1.7379344246609085,1.7345652061650267,1.924607120165692,1.735613795982127,1.7349540554827756,1.7350636509573771,1.7366132130724228,1.7375051763070806,1.762088072832254,100
BIOMD0000000546,model,178595.48154490913,6.712185391234145e-05,1000000.0,0.04607042410284781,0.002859728774633688,0.005356471666948195,620.8543967577202,1000000.0,1000000.0,300
BIOMD0000000546,s1,535779.5038574401,0.010545639304256027,1000000.0,650302.8748475676,866.1528841956349,12417.833777691681,1000000.0,1000000.0,1000000.0,100
BIOMD0000000546,s2,4.564753072305054,0.0003702216567655041,263.3342566679136,0.01830425395768412,0.002361713187111494,0.0036875986642108984,0.14435885398082296,3.7618616688215707,107.86155280091361,100
BIOMD0000000546,s3,2.3760242151182323,6.712185391234145e-05,124.67571088056656,0.003472260274511503,0.00041815192912872975,0.0006393580881777746,0.026897879606708378,2.310630423982123,63.2953038758815,100
BIOMD0000000552,model,76.21402033109118,6.802722975955098e-05,3281.0812390904935,0.061058817859514156,8.156205786617531e-05,0.00016313062670738883,0.12398224538451788,297.2036326246378,2005.842210890024,200
BIOMD0000000552,a,152.42439682146872,0.06105326865908091,3281.0812390904935,0.12810951642249951,0.08616070473750573,0.09323157817074532,11.26945370133041,975.8130927836536,2567.196685723137,100
BIOMD0000000552,b,0.0036438407136572385,6.802722975955098e-05,0.1051968618733322,8.153953814625704e-05,7.765540935094828e-05,7.874169856275014e-05,0.0012393050461532913,0.016366262222730323,0.05261106143363786,100
BIOMD0000000553,model,76.21402033109118,6.802722975955098e-05,3281.0812390904935,0.061058817859514156,8.156205786617531e-05,0.00016313062670738883,0.12398224538451788,297.2036326246378,2005.842210890024,200
BIOMD0000000553,a,152.42439682146872,0.06105326865908091,3281.0812390904935,0.12810951642249951,0.08616070473750573,0.09323157817074532,11.26945370133041,975.8130927836536,2567.196685723137,100
BIOMD0000000553,b,0.0036438407136572385,6.802722975955098e-05,0.1051968618733322,8.153953814625704e-05,7.765540935094828e-05,7.874169856275014e-05,0.0012393050461532913,0.016366262222730323,0.05261106143363786,100
BIOMD0000000558,model,0.3661042519263729,0.11416994391813,0.7128444394968655,0.38876233753118616,0.16366149279103592,0.16783407739946615,0.6014937070914932,0.6456487568706683,0.7054616658177127,200
BIOMD0000000558,ROS,0.5680165005859718,0.4167700955016822,0.7128444394968655,0.601792870372973,0.48888517464819664,0.5091918387781632,0.6230152400917354,0.6812635833069218,0.7110600960026964,100
BIOMD0000000558,alpha_syn,0.16419200326677402,0.11416994391813,0.3607545795606901,0.16359082989004425,0.1390781259739563,0.14448097290302295,0.1705643886244141,0.23516717153965014,0.24881816040952948,100
BIOMD0000000559,model,557.9584839718678,1.2795516606933617e-05,1000000.0,0.3938506480248676,0.03284795224791566,0.04705889836977873,1.6473455827743961,12.74778315206729,71.12391621984962,8900
BIOMD0000000559,s51,3.472106548954763,0.7091492328641423,9.636671660128485,2.434719339329595,1.3763840489783914,1.532433908834249,5.140873292082816,8.767724193198232,9.466853299875465,100
BIOMD0000000559,s52,17.716660685011533,2.787903064247898,46.49666484516138,13.713865609169316,10.832954843624808,11.257390298054277,21.879585134087836,39.77984283001132,45.09024782255392,100
BIOMD0000000559,s53,16.406688592468818,2.546235920103052,28.802130031806744,15.048446155860683,13.12812688329913,13.3769788576786,18.578257439661556,27.325944574527675,28.55804313905047,100
BIOMD0000000559,s78,17.682736307587106,2.784444569702118,46.40962234040171,13.687455459269,10.811637958246699,11.235384205834814,21.837834937810698,39.705064200710055,45.00577256861158,100
BIOMD0000000559,s85,16.391165924633196,2.545212208164282,28.773324232965074,15.034103666385512,13.115733650877605,13.364333587323449,18.560455401904566,27.297928208729427,28.528945963731235,100
BIOMD0000000559,s211,0.1533654651529941,0.051246028312138495,1.1672477952252536,0.12570982209672138,0.07562592757280696,0.08391742095099484,0.20052299585549685,0.26111586244588375,0.5855359255886605,100
BIOMD0000000559,s213,0.13283484748588262,0.06282796682417653,1.2123064101650936,0.0899774094075181,0.06933665233994797,0.07219717581538548,0.14078681903010581,0.29451418374886734,0.6218210270628706,100
BIOMD0000000559,s482,0.036642655387936617,0.006944422928585931,1.311466520943553,0.008539215062876877,0.0076976002765499,0.0079649682088889,0.010853665185523245,0.10662031497603444,0.4868213957587392,100
BIOMD0000000559,s483,0.08126793264995348,0.004116430620300628,5.142281638850012,0.006328757250296682,0.005418693921628087,0.005754792018459112,0.00925391374476213,0.15068288226386806,0.8626310025887116,100
BIOMD0000000559,s484,0.9724740760995475,0.004574964646180707,87.99021952337856,0.00753975355005378,0.00620364562079335,0.006604380974375864,0.014936747039666987,0.3229422233596936,5.356965143071394,100
BIOMD0000000559,s489,10131.119822939145,0.005727258597991933,1000000.0,0.01499307026590484,0.008816714290853083,0.009590869621127375,0.1002205712870048,27.084406125712206,21686.7494710595,100
BIOMD0000000559,s490,636.3297170839088,0.0054365836799932146,62757.97445212151,0.011524417242256524,0.007939730510896241,0.008544657904497792,0.050379545238065426,4.808387397402879,1355.8376821233114,100
BIOMD0000000559,s491,22.260847719342145,0.005000826222842803,2156.036077672257,0.00907644215479951,0.007004813291583487,0.0074830719775133316,0.026244905643400242,1.0327434642115407,71.75443702154263,100
BIOMD0000000559,s492,12276.741254366845,0.006065150224221035,1000000.0,0.020938025326382698,0.009926551363052713,0.010979526080962159,0.2120064019638379,174.86455192772328,220929.04387339804,100
BIOMD0000000559,s493,26360.93171715645,0.00698794910574021,1000000.0,0.05430769419888319,0.0125688167248924,0.014870374185793324,1.1515310715632157,4144.661636700729,1000000.0,100
BIOMD0000000559,s494,3.0757350487570987,1.199547116912792,5.207988922512266,2.855632380683528,1.9458773214643266,2.100962209640646,4.152458222207534,5.149230024119534,5.204326326895012,100
BIOMD0000000559,s495,3.7162747365750914,1.683876602283257,6.146968983809177,3.4489695972639742,2.412957953791197,2.5907191019352984,4.997109136585565,6.06479679489853,6.139398657111449,100
BIOMD0000000559,s496,4.581027468950571,1.8569192749517158,7.426500349542031,4.330295073479187,3.230730189704075,3.3840224354311017,6.099104083003521,7.357277582564525,7.4256491587906055,100
BIOMD0000000559,s498,5.627417848597705,1.936708503490386,9.21160953418461,5.495435804414514,3.606216143183012,4.254990969164474,7.6377943984574825,9.122259540331543,9.205495537180356,100
BIOMD0000000559,s499,6.765939899039892,1.9749974613230907,11.499073535878557,7.014486838096596,3.6329714533444295,4.179224064587657,9.536238859064317,11.391091487020033,11.492563108464775,100
BIOMD0000000559,s500,2.817057454828951,0.853289007133318,4.526752639115064,2.6155436633579123,2.029880480317815,2.1115622024036558,3.681259026178978,4.472308670994983,4.521913073204815,100
BIOMD0000000559,s501,7.285201166129619,1.4908383841344035,15.240823194211977,5.317196152528594,2.3380941939608775,2.6595117735619036,12.77004227410126,15.086100804824882,15.23347291095509,100
BIOMD0000000559,s536,0.08990426426616382,0.053243513583407634,1.1359274002159059,0.05722738580546883,0.054196130261715145,0.054657775417011015,0.0673216795438645,0.20495856977069687,0.5942586825806376,100
BIOMD0000000559,s107,0.11687996933493343,0.020240226290930533,1.3070549274858703,0.05628149620977586,0.03133754680933891,0.03487306277036738,0.12540689483195278,0.38393495376393766,0.7366209891398142,100
BIOMD0000000559,s108,0.03385887430449128,5.05289892981362e-05,0.5272479838417621,0.021892941938782884,0.005247850169638511,0.007965919620437337,0.03577207040258398,0.09421854444892801,0.296656371953422,100
BIOMD0000000559,s109,0.07865734821930823,0.0023619627767902597,1.4914171584248446,0.03707093880876338,0.014028734093441617,0.018344047889999007,0.06281272719771219,0.26677181015010426,0.7457317562361447,100
BIOMD0000000559,s110,0.08554643835970768,0.004284436876148481,1.5942056181591664,0.037920607850965266,0.018431210073231535,0.022705836179823538,0.06591435029891676,0.2942053399005491,0.8012226169189617,100
BIOMD0000000559,s111,0.08810214902680144,0.0065576505883666114,1.6106311546433583,0.03748221820306666,0.0219547619985526,0.025670788764294558,0.06792263599149771,0.3002562108028696,0.8137468896753836,100
BIOMD0000000559,s112,0.0892048856104914,0.009232796722215435,1.61456187895144,0.03673037364562302,0.024439105036287108,0.027341103028807927,0.06839376612555224,0.3013748311527415,0.8175766579903534,100
BIOMD0000000559,s113,0.002120193757192361,0.0002470721377724026,0.0496067698817523,0.0010384510028586872,0.0007005000462023965,0.0007929180992430984,0.00170992121096512,0.004875085697596237,0.019124523834516034,100
BIOMD0000000559,s445,0.05768738631892992,0.013700650642674513,1.03183722525319,0.027210914054389163,0.018704253420239004,0.02005081160682715,0.04665785560863408,0.16761339629841168,0.49514041855642493,100
BIOMD0000000559,s446,0.0006488839922195816,1.2973433420986937e-05,0.03628474151043036,1.9496214809103045e-05,1.4798377755131374e-05,1.5666495060740776e-05,3.03888046588169e-05,0.002800731335062552,0.005971836738749163,100
BIOMD0000000559,s447,0.0007288296453126001,0.00010665438678064058,0.0053811308924920755,0.00022748595839281512,0.00014521043015752259,0.00015552600776459177,0.0004744986575718977,0.004091051516754923,0.005184136922420864,100
BIOMD0000000559,s448,0.0005389630444838898,0.00010635772954845711,0.004728275231927603,0.00022930001085155069,0.00014272766552440405,0.0001534870872863804,0.0004918310920285143,0.0022768558088573122,0.0025221999546577714,100
BIOMD0000000559,s451,0.00015776260904735545,3.4634943389621705e-05,0.0023519640485813354,7.736599398560283e-05,4.992146898030833e-05,5.458460809427595e-05,0.0001272626629991115,0.0003676825678302085,0.0018171484160449081,100
BIOMD0000000559,s517,0.5209881717075914,8.078084062739847e-05,1.0404524728056983,0.6599079368730016,0.10211271862234536,0.18743777977476264,0.8049258403348163,1.027580377118674,1.0401361176074415,100
BIOMD0000000559,s518,0.6363918413696827,0.00014870080778917294,1.1520217965862192,0.8095322574130317,0.22145704732879481,0.3469306514590128,0.9254377782014838,1.1366167612171933,1.15100261879573,100
BIOMD0000000559,s519,0.6862641322668523,0.002596505515903143,1.1489747575043827,0.8305289948076227,0.361343247930267,0.5271791587296959,0.936380166404242,1.1371389348689152,1.1488987765590495,100
BIOMD0000000559,s520,0.4968325409634206,0.16962500901248015,1.2019902353097907,0.23673610030718792,0.19721965116204768,0.20568024156483733,0.8469672589203845,1.179179139508322,1.2000589672901727,100
BIOMD0000000559,s521,1.8429711029301246,0.3372590998995065,7.734691606760231,0.8932802229463075,0.4415486444075859,0.49633075518490793,2.402723430952702,6.747356891053935,7.64837289139169,100
BIOMD0000000559,s522,0.7398760957745496,0.036464714208827964,1.1616902637613042,0.8304237171577769,0.5575283610615523,0.7610944465508133,0.9493500281918286,1.1490917846628497,1.1614914683272548,100
BIOMD0000000559,s523,1.8023692261159305,0.7807025269321639,2.821071644032452,1.7179145824911344,1.3217201626897888,1.4193192690421583,2.2941980987041775,2.790836390013792,2.819132168482394,100
BIOMD0000000559,s524,0.0002648472988295406,1.2795516606933617e-05,0.0012500905727808964,0.00016774447947456942,0.00010301286950023585,0.0001113735950002388,0.00031553823927567726,0.000790404951969215,0.0008536958363150637,100
BIOMD0000000559,s525,1.0571625448508226,0.7991322785314707,1.445405507758726,0.9679986903249189,0.9550254322156685,0.9567353530903716,1.1685778195122742,1.4229891845685714,1.4429226987064563,100
BIOMD0000000559,s526,0.9054995014025191,0.6765303377037374,1.3454512852143161,0.8328956503668945,0.7980556823138862,0.8030061748208954,0.9649321698749542,1.3171618324165857,1.3449755832976305,100
BIOMD0000000559,s528,0.7423770162671999,0.5496334285501728,1.2431330590322884,0.6793327225304564,0.6358768671683791,0.643003422879081,0.708017656320594,1.1970635225881543,1.240181503763222,100
BIOMD0000000559,s529,0.6052694141827449,0.44977979566140064,1.17565008842643,0.5537594413686044,0.5080851632446374,0.5155827676142712,0.5893839734052305,1.1067098488805094,1.169420603530741,100
BIOMD0000000559,s530,0.488566910931425,0.36990432936404494,1.1363208649553234,0.4499962139581375,0.4062549707939721,0.41357526061024696,0.4865447226886076,0.9132371067098463,1.1308376504733928,100
BIOMD0000000559,s531,0.37093889575172184,0.2904060192225571,1.1275890001158986,0.3463238811328303,0.3116286367459493,0.31798133696719993,0.3778346525936587,0.5249383963441073,1.0571655650132452,100
BIOMD0000000559,s533,2.1863388756304207,1.3266769374786067,3.876250283467985,1.9953983242305244,1.4471543361258834,1.5353022267516998,2.7593941594258893,3.6888149369898366,3.8604815589528076,100
BIOMD0000000559,s535,4.411810420974459,2.988689046962109,5.201840765699426,4.445056471953808,3.958586847369239,4.029512729405585,4.972379033518936,5.190070789845255,5.200781216916213,100
BIOMD0000000559,s527,0.4888228540812481,0.39199685290400754,1.9318899509754393,0.4692228908879118,0.42359470112824216,0.43168612824227265,0.513287880854647,0.526956986017765,1.026914637598884,100
BIOMD0000000559,s1,0.039335302719482955,0.030467817463472987,0.07102390530060287,0.0372499991460713,0.033973970954379436,0.03462382939581445,0.03958291953147674,0.0635725333182439,0.06989251695717605,100
BIOMD0000000559,s2,0.0401726274739492,0.030522255950954712,0.08743653675353752,0.03743719439974051,0.03369873543791013,0.03437407707909216,0.04032327328729342,0.07030178157593782,0.0857190812302217,100
BIOMD0000000559,s5,0.018866602641853896,0.011994329543211984,0.07611577437703339,0.016298434429945087,0.014403372662884332,0.014782855396679792,0.017846571503909576,0.04111239094528783,0.07116540388365107,100
BIOMD0000000559,s6,0.49045419681392544,0.39334991031893535,1.934952157490912,0.4708004519821722,0.42505270268466844,0.433175640453327,0.5150613004780529,0.5287762815241284,1.0294747634162782,100
BIOMD0000000559,s7,3.0838537488520203,2.0894283795874458,3.635868744313262,3.107083994460699,2.7665179874171493,2.81620179304665,3.4755039996376462,3.6276170039521176,3.635117710763212,100
BIOMD0000000559,s17,5.031644499397215,3.0205051016511493,9.218524809148878,4.546288228365404,3.3065579629641486,3.505943081607182,6.335082829226948,8.782868860905062,9.157840980602604,100
BIOMD0000000559,s18,1.5665658761820012,0.2909663768708407,4.971905830696996,1.0526575136029552,0.44533461142586467,0.5278364810277741,2.278627394207804,4.576815354564708,4.9328751350136315,100
BIOMD0000000559,s20,1.3674422824801191,0.06810643112507084,3.109167467570517,1.3806198420543656,0.3404099153927564,0.4710761345748474,2.245074536342516,3.0626455066712435,3.108239966793565,100
BIOMD0000000559,s21,0.03456624700929616,0.025133310219290005,0.05576178008909681,0.03297257809202485,0.030570544370991787,0.030969694123768546,0.034763047212817005,0.052545129810578343,0.05547078746948377,100
BIOMD0000000559,s22,71.92101107043834,69.55097383493538,74.01788086306354,71.81491464333172,70.56997227813673,70.8107447851878,73.43211731727548,73.99885205584125,74.01642975407795,100
BIOMD0000000559,s23,2.787903789104752,0.3706326921434858,4.797294651883243,3.3742331575910924,1.2232994661799261,1.6334271211515148,3.896277044777622,4.737748744408121,4.793952831365185,100
BIOMD0000000559,s24,2.4941601102133024,0.25597302332809485,4.808968118815552,3.1095575677613505,0.827126387951658,1.1035920932287957,3.735335593910774,4.737619690814949,4.802473610120677,100
BIOMD0000000559,s25,0.02836495788206778,0.013721955886271358,0.04285223171549317,0.02752064036643504,0.026001669364157813,0.026273847081660417,0.028549278898363457,0.04087801704074482,0.04263519162129688,100
BIOMD0000000559,s26,0.01862581191284988,0.00552277620145646,0.027486879834017038,0.018361117364908454,0.017742887796227486,0.017806097582906435,0.01882854558991706,0.026543983219782404,0.027442450887954755,100
BIOMD0000000559,s27,0.11675459251989156,0.07292292855341573,0.2989054898263431,0.10871457272124954,0.090025205113789,0.09339056617362339,0.13421258314654683,0.18199377345706463,0.25380956696951434,100
BIOMD0000000559,s29,2.4637980690803256,1.156129280992205,3.585013614807451,2.327804976127267,2.0883238439403007,2.11637985518903,2.8871462532064625,3.544014626881758,3.582552415743057,100
BIOMD0000000559,s30,0.13831130891281002,0.03441519972446066,0.22985395798510141,0.13762120363548713,0.09594991265240799,0.10722426793871104,0.18237905987810898,0.22652101201701935,0.22945533122835227,100
BIOMD0000000559,s31,3.249022171152504,0.7110027634055832,4.873233442674939,3.557254889847209,2.4928705162131886,3.2405163061541518,4.059444753123785,4.822681233621247,4.869403712517377,100
BIOMD0000000559,s32,3.0243766060995445,0.512950134570681,4.802524104647387,3.504360509228936,1.7552671483920856,2.3346705448406007,3.955133246790883,4.749302924535159,4.798284312512112,100
BIOMD0000000559,s33,0.03505336909481233,0.01182875205216643,0.19813960397473923,0.021447028509327483,0.01631717115379814,0.017551749652523277,0.03204786903215844,0.12701185974874263,0.1837239471025623,100
BIOMD0000000559,s35,0.0004892084156841831,0.0004015517582180824,0.000513575819469457,0.0005016470978189997,0.0004897283315397867,0.0004958175733834362,0.0005084277309115945,0.0005133091234421074,0.0005135725695494898,100
BIOMD0000000559,s200,0.13112475515587213,0.03280423751670245,1.437037917467088,0.06302378090776353,0.04303867673687472,0.04592458711461694,0.11984226239806514,0.4484166963992073,0.9875060870370653,100
BIOMD0000000559,s381,0.21851598657524002,0.0008951844931107119,0.5171193947695985,0.16627579307010565,0.06965431605783555,0.07616392662443393,0.3674160888075419,0.5078930672076654,0.5166178378492563,100
BIOMD0000000559,s383,0.5984009809969276,0.0014486355812826188,1.1818839227453946,0.7671525717833114,0.16044728729745938,0.24772960423956175,0.9331785874159283,1.1645549955554255,1.1805749357709538,100
BIOMD0000000559,s385,0.6528884063119997,0.00120728280275329,1.157639463933271,0.8184556159942264,0.2579402673762738,0.37715785926089207,0.9441513732094186,1.1438147426824061,1.1571174582592136,100
BIOMD0000000559,s387,0.6891767270566308,0.03151242451334663,1.1259979713291925,0.8185924781883402,0.38611847943525074,0.543016074741016,0.9311136480007254,1.1131886374291202,1.1250373863692735,100
BIOMD0000000559,s389,0.7337067709249626,0.08296880048167644,1.1283990271237814,0.8139976577370116,0.569837653011866,0.761589063648757,0.9351913349844359,1.1162686064690244,1.1275894981306236,100
BIOMD0000000559,s391,1.0700120848950183,0.4680237661886049,1.676265711589176,1.0202381215431453,0.7888045610846277,0.8350356450206773,1.3682006656779135,1.6564840724668681,1.6750859683337578,100
BIOMD0000000559,s393,0.6190718817594363,0.2627705865821332,0.9300160232911641,0.5735131762566039,0.5277570287306693,0.5348266726859399,0.7279795499146665,0.9163867920836926,0.928633328551749,100
BIOMD0000000559,s473,0.5803359593185905,0.45607149976728867,2.0441213622822882,0.538228184185308,0.48433156998502264,0.4945044702168371,0.5853569651099276,0.8041158008645231,1.733057796747946,100
BIOMD0000000559,s474,0.4746927964666046,0.36372028054628586,1.2359684647854552,0.4329989899825762,0.39205976816686405,0.3989647100037745,0.467694550888648,0.9018885133785457,1.1565045954566942,100
BIOMD0000000559,s475,0.35512777262893347,0.26712329548912567,0.7321774238470685,0.3209243544779141,0.29502215797288556,0.298892260631063,0.34176695705266097,0.6849934330910415,0.7085862616637942,100
BIOMD0000000559,s476,0.20398705853421184,0.15318556316871848,0.3505378244620204,0.183757368721765,0.17207168521892335,0.17401059200855387,0.1916320509661094,0.3426077089216178,0.34914829468380776,100
BIOMD0000000559,s477,0.018560095600955548,0.014296795626276674,0.036290889577989226,0.015186102032367355,0.014550640885789267,0.01466409438574512,0.019040746899311265,0.035567570205647665,0.03618757044634378,100
BIOMD0000000559,s478,0.14741428113530403,0.11254030406891875,0.19928636882730252,0.1366262736940409,0.13436367885030664,0.13477884146383579,0.15910808637681925,0.19585025618626287,0.19890194272489303,100
BIOMD0000000559,s479,0.5385828153668025,0.33577496963744763,1.5677821365156215,0.49418700378990627,0.4120487478104362,0.42651937903426324,0.6019929285583465,0.8763977883541499,1.255951268327418,100
BIOMD0000000559,s502,0.39796641010830575,0.010186594250389704,17.58018208869184,0.033222730165014064,0.01718183440422912,0.019140678946081464,0.11120555643350814,1.1251136889186069,5.957306085288644,100
BIOMD0000000560,model,7410.749333202802,0.0,1000000.0,0.006063970938944968,3.1410910661604025e-06,2.610369680344223e-05,0.09181686255203084,8.18342221830159,47241.02931170147,6200
BIOMD0000000560,AcanmRNA,26598.793804422847,0.00013370980527287077,1000000.0,0.005273389145870231,0.0005969904781984558,0.0008600417137943075,0.2641397261982378,4276.308581534428,1000000.0,100
BIOMD0000000560,ADAMTS5,1.8656439919720258,5.512546926626166e-06,151.97979304975777,7.666343852992557e-05,1.591234993048537e-05,2.067051135674975e-05,0.001200671587883892,0.4396292144822813,26.073159234083878,100
BIOMD0000000560,AGEprod,1.6654858188866248e-16,0.0,9.990789512059506e-16,1.3804570273678994e-16,0.0,0.0,2.1856009685261807e-16,4.827051782566477e-16,8.891802665732958e-16,100
BIOMD0000000560,Alk1,0.09225014979640447,0.08149562056269866,0.09574371971447225,0.09198334311495715,0.09077688821430727,0.09097589542610673,0.09399213568080636,0.09562762368322805,0.09572889534252693,100
BIOMD0000000560,Alk1_Alk5,0.3631622045170324,0.3096925440238723,0.9764101826694651,0.3582100178986545,0.3301882460342058,0.3368867627891708,0.37809964443057464,0.3890371495174429,0.6000059746153539,100
BIOMD0000000560,Alk5,4.368969146714087,1.0021824830879194,5.072318208165636,4.727784860612868,4.306940625558038,4.436184825320879,4.942003862088764,5.0512370513617295,5.068272033284548,100
BIOMD0000000560,Alk5_dimer,0.589905958809305,0.5308460801091851,2.1805749093576705,0.5507347056827094,0.5378833435529304,0.5398614916142584,0.576244424421785,0.6959737988031125,1.1973164965070913,100
BIOMD0000000560,Bax,3.127016628662012,0.8107795058258258,18.922271031861158,1.1181935948987487,0.8317434311779426,0.8510167613537262,3.2737766532975,12.906338444254397,17.510696749556665,100
BIOMD0000000560,Bax_Bcl2,0.0006894984725513617,0.0005836000765360605,0.0011122715103800752,0.0006501212757240738,0.0006013219354377486,0.0006088949140835887,0.0007186538706367515,0.0009775916426468978,0.0010826381530087783,100
BIOMD0000000560,Bax_Bcl2_Beclin,0.005998097347526917,0.0035967786466082254,0.006708009979875823,0.006357935444618144,0.005657399029669125,0.005866785777660966,0.006605672589120986,0.006694156604932762,0.00670543804499306,100
BIOMD0000000560,Bax_Bcl2_Beclin_I,1.480968209320157,0.04116648184470287,83.98615211292801,0.09556981272451605,0.05790084667771588,0.062943386273591,0.24200613399895976,2.788113824454197,22.329013843742644,100
BIOMD0000000560,Bcl2,0.15786918406296674,0.03090868757625897,0.3386326747635869,0.1411068761025226,0.06945623510117649,0.08097995153394265,0.24031579055418584,0.3205988575509413,0.33511486539128527,100
BIOMD0000000560,Bcl2_Beclin,0.015280587449553115,0.01367478460602506,0.024257412871971477,0.014156162250630294,0.013759841444000323,0.01380286494920482,0.01568722941169637,0.020882163912457802,0.023440160326651145,100
BIOMD0000000560,Bcl2_Beclin_I,1.3661950739275244,0.016174609848553612,86.44850844641752,0.02247720811041403,0.01701167753450497,0.0174207917136161,0.08008723399096326,2.1802293054608586,21.745367443556965,100
BIOMD0000000560,Beclin,0.009044563162370976,0.008691081006832864,0.00930104669279615,0.009103923757600312,0.008820650648167897,0.00887598399081743,0.009256301523970452,0.009297694807019396,0.009300552692474144,100
BIOMD0000000560,Beclin_I,0.0198353141433917,0.0030218466507536505,0.4837028107868596,0.004951595341985134,0.0035677924415007146,0.003739481759379808,0.011072276181849205,0.07074282823748279,0.2372364665421238,100
BIOMD0000000560,Caspase_A,0.06399783535242348,0.01053275204813573,2.579855590370734,0.015724767521710495,0.012022879788954772,0.012509430590443264,0.02787800578934681,0.14008480684105526,0.7702177827307652,100
BIOMD0000000560,Caspase_I,1.0497184210787195e-06,3.328605652385114e-07,1.187985651421321e-06,1.1369322842676636e-06,1.0583629173958932e-06,1.1084161240433949e-06,1.172311772283596e-06,1.1872955599911153e-06,1.1879839952039327e-06,100
BIOMD0000000560,Col2mRNA,14390.151514429173,0.00028513568897321686,1000000.0,0.005707417951001236,0.0009679897559249891,0.0013033943413770165,0.13945827492422286,450.35440226027555,408535.48715222353,100
BIOMD0000000560,DamP,0.014377311258860628,0.0036509535638264007,0.258216281095746,0.0061264177022766495,0.0044732054909818655,0.004709300570787705,0.011004723713708878,0.044298984794838625,0.13089384010676106,100
BIOMD0000000560,IkB,2.4915357893359236,2.6793695336047867e-05,193.96006829672808,0.011629412831666507,0.00439081898187717,0.005254069886493687,0.0500933391590555,1.6210234528555854,32.24702319613032,100
BIOMD0000000560,IkB_NFkB,3.940929433268644e-07,3.285438222130026e-07,4.1417125528893046e-07,4.003404294708459e-07,3.8899596706587585e-07,3.9121474641119927e-07,4.1014304829444653e-07,4.1400649949281996e-07,4.1416832074290883e-07,100
BIOMD0000000560,IL1,1.7721173115795716,0.0004870010790833525,121.37923808875414,0.0028533510843072427,0.0009679755690702825,0.0011544513183251632,0.020628305166148542,1.6081267912476924,32.56473339605236,100
BIOMD0000000560,Lys_A,3.442915720910303e-06,3.4314649340395964e-06,3.4455220359679027e-06,3.4440856891362993e-06,3.4425860837620843e-06,3.4431331548465234e-06,3.444722308306185e-06,3.44533056233057e-06,3.4454851218620098e-06,100
BIOMD0000000560,Lys_I,3.823980289115523e-07,3.8127198275946506e-07,3.825331870940799e-07,3.825157422822591e-07,3.8244525753298816e-07,3.824910780878212e-07,3.8252454492232256e-07,3.825325906420232e-07,3.825331443359388e-07,100
BIOMD0000000560,MMP13,44.07079021016398,2.8724723214800258e-08,4311.843424521632,2.583632687725831e-06,6.15519573385216e-07,7.008657578216049e-07,7.456262746108656e-05,0.21617264216256313,126.04107796598316,100
BIOMD0000000560,MMP2,2.040655639941668,7.036701065800915e-09,182.15377242730773,1.9895720674437334e-06,5.663185449964537e-07,6.456871675976697e-07,5.222952042979732e-05,0.10946274232565895,19.50514242823075,100
BIOMD0000000560,NFkB,0.01042560965380966,0.003735315088202889,0.057457534869693544,0.007640718456861819,0.005155813923958334,0.005540751195280313,0.012711812987830843,0.02454041347172357,0.03890853993327136,100
BIOMD0000000560,NFkB_P,1.9154117042029686,0.023638534510521156,90.77164658256038,0.0744825840091031,0.03688857842758027,0.04134957682565557,0.2733203943281917,4.9084439910456075,35.88544987033184,100
BIOMD0000000560,p38,5.467514866736398e-05,5.444472677166022e-05,5.483067941849358e-05,5.47147282063257e-05,5.455814910481105e-05,5.459517369929345e-05,5.479718800436163e-05,5.482386754658173e-05,5.482971278361147e-05,100
BIOMD0000000560,p38_P,0.005359827552162161,0.002974726240663308,0.06829343721247236,0.0032381849628239498,0.0030186957204193145,0.003041273864213605,0.004259229233608972,0.012702994178103715,0.035184284611996026,100
BIOMD0000000560,proMMP13,23.650729735408827,6.850193866785886e-06,2250.857882892239,9.413229288041675e-05,1.9618290511116117e-05,2.5451966639407943e-05,0.0015135193911867554,0.7617018176925091,113.4410442885577,100
BIOMD0000000560,proMMP2,1.8656411172457839,5.489002415396667e-06,151.98082006495284,7.6515663074983e-05,1.586319108204358e-05,2.061166174794994e-05,0.0011995916057334014,0.43956198887614983,26.07270142632891,100
BIOMD0000000560,RAGE,0.013068647123164821,0.00022786597576399784,0.3308248155212254,0.0012620177560763398,0.000461319101313521,0.0005479359819720566,0.005936411255871391,0.05799454299441007,0.18466953866997565,100
BIOMD0000000560,ROS,0.0001928569353110011,0.00018896149273112432,0.00020090538422748008,0.0001916693563477228,0.00018941017847835524,0.00018961051809452051,0.00019580595820149006,0.00019983391564611777,0.00020068980361174886,100
BIOMD0000000560,Runx2_A,30001.12520290628,0.004724486966609096,1000000.0,0.09368375105022439,0.01585620578472075,0.021320372859447052,2.4561830114331036,10991.539562236672,1000000.0,100
BIOMD0000000560,Runx2_I,8.191754970866388e-08,8.191238180188521e-08,8.195496830486775e-08,8.191440835881366e-08,8.191416216572918e-08,8.19141965414554e-08,8.19167785540618e-08,8.193414322170288e-08,8.1951216276845e-08,100
BIOMD0000000560,Smad1,4.30782500334441e-09,4.234180058423019e-09,4.316541818112054e-09,4.308609728590848e-09,4.306805474717702e-09,4.307084219750663e-09,4.3114435251512384e-09,4.315899273436405e-09,4.316491920053086e-09,100
BIOMD0000000560,Smad1_P,96.58159944755555,0.0006364858867016604,9043.464258616521,0.004069103917199496,0.0013506953145147457,0.0016233324940912125,0.030847797461474404,5.8007850005706,558.4564687157323,100
BIOMD0000000560,Smad1_P_Smad4,15061.474524857142,0.013970312053380281,1000000.0,0.1279228574011676,0.03414728673368539,0.042516210686722525,1.5278345214732896,1284.4614544731417,449268.88374247594,100
BIOMD0000000560,Smad2,1.9843781591448682e-08,1.9458302441915004e-08,1.986490603540795e-08,1.9858233180395303e-08,1.9850599943604045e-08,1.9852569365644702e-08,1.9863111177759707e-08,1.9864823515087766e-08,1.9864901564761763e-08,100
BIOMD0000000560,Smad2_P,631.3975668099957,0.0035753187388817276,60046.84293649943,0.024021145917409975,0.007837545184821621,0.009472750413306957,0.17067407281962055,25.49727762133502,3016.329575826718,100
BIOMD0000000560,Smad2_P_Smad4,12765.948154256472,0.013575090389318529,1000000.0,0.12547053373281492,0.03343469610704182,0.04168835314191885,1.4156379546805569,854.9415388380628,247284.38850365963,100
BIOMD0000000560,Smad4,2.6383018141448955e-08,2.6350563947138102e-08,2.6384515808808003e-08,2.638422156156747e-08,2.6383878303049688e-08,2.638399016464909e-08,2.638441878713672e-08,2.6384510672891265e-08,2.6384515428566678e-08,100
BIOMD0000000560,Smad7,14317.440664275102,0.0006719993390030281,1000000.0,0.006639978520222751,0.0013399580804547644,0.0017094832710361492,0.14882030649599134,448.22707789007325,401805.585628002,100
BIOMD0000000560,SOD,2.575140246633656e-06,1.670027496399867e-06,3.155400418010004e-06,2.631369646760961e-06,2.316522297012076e-06,2.39215349605856e-06,2.886914769663273e-06,3.098973330560349e-06,3.1440614029177e-06,100
BIOMD0000000560,Sox9,1.0091865278458452e-08,1.0089952381983628e-08,1.0098760277523853e-08,1.0090849267591399e-08,1.0090238840915301e-08,1.0090323927754297e-08,1.0092757965100124e-08,1.0096883071165892e-08,1.009837165701358e-08,100
BIOMD0000000560,Sox9_A,25811.160839586773,0.005244710381337189,1000000.0,0.09726382255632549,0.01712798846252273,0.022888493148076863,2.2908650080577666,7200.38034993944,1000000.0,100
BIOMD0000000560,Sox9mRNA,1.6729775863087546e-08,1.6398390431617256e-08,1.7065525750943614e-08,1.672866549706846e-08,1.6562712640679295e-08,1.6595773157934798e-08,1.689626255811439e-08,1.703148287527555e-08,1.7058717086776037e-08,100
BIOMD0000000560,Tgfb_A,1.7565638243247603,0.10393363792342206,92.80823705278708,0.20500403414621993,0.13680921105846863,0.1463509016290751,0.43049583718525913,3.368504237031827,24.61294067875312,100
BIOMD0000000560,Tgfb_Alk1_Alk5,6.951921048768923,0.010173767269004867,454.1571869332233,0.03539313854703592,0.016521580716996227,0.018680727339160194,0.15937168443123922,7.392871803696305,134.3949844668338,100
BIOMD0000000560,Tgfb_Alk1_Alk5_Smad7,56555.60726313154,0.0014812904773664453,1000000.0,0.14566489324234258,0.04244426382679317,0.045267351264369,8.177818589984758,505330.8940420751,1000000.0,100
BIOMD0000000560,Tgfb_Alk5_dimer,5.911758797455983,0.00790633819252858,419.37230200054506,0.035615388832345614,0.014817216943250364,0.017211439451813467,0.1606310389917963,6.215010808379477,85.77972854692298,100
BIOMD0000000560,Tgfb_Alk5_dimer_Smad7,56075.33159330189,0.0005736437025510511,1000000.0,0.1456628569032282,0.04480141676924068,0.046903772565999896,8.334092471718993,469528.5321409572,1000000.0,100
BIOMD0000000560,AggFrag,32296.585389378815,0.003471326954245084,1000000.0,0.09849274693370613,0.013304382622492186,0.018549224570425495,3.6912619019583532,17666.294642702313,1000000.0,100
BIOMD0000000560,Aggrecan,25870.946583326328,1.2765969851756578e-07,1000000.0,0.00022912817881499785,1.6772172900236833e-05,2.6140539458202315e-05,0.02419008680219858,1976.3198196750084,1000000.0,100
BIOMD0000000560,Aggrecan_Collagen2,8.503207027425562e-14,8.481038094032591e-14,8.594724931754212e-14,8.503775461581664e-14,8.492406777839628e-14,8.503775461576879e-14,8.503775461706318e-14,8.515712579709864e-14,8.538449947083189e-14,100
BIOMD0000000560,ColFrag,116591.35602242153,0.00209358650699151,1000000.0,0.21595254388064616,0.09622789873638964,0.09820862888625416,61.357789530894536,1000000.0,1000000.0,100
BIOMD0000000560,Collagen2,32296.560486427294,0.0034712205949312155,1000000.0,0.09849071402528933,0.013304044334903628,0.018548771033195535,3.6912066698703105,17666.21840189874,1000000.0,100
BIOMD0000000560,Integrin,1.0753496243977168e-05,2.246271145021888e-06,0.00020345411830983103,4.235412731640554e-06,2.913102446317671e-06,3.102971023930394e-06,8.103949684874008e-06,3.4420486569771296e-05,0.00010284678950685385,100
BIOMD0000000560,Tgfb_I,2.8798229185781945e-07,2.84835457507456e-07,2.880919985544425e-07,2.8808997844526273e-07,2.880846805579326e-07,2.880882572463037e-07,2.8809066066347005e-07,2.8809166674655455e-07,2.8809193026460393e-07,100
BIOMD0000000560,IntegrinCount,1.6323472865103085e-16,0.0,8.122593099235364e-16,1.6991138625951507e-16,0.0,0.0,2.1769252760764516e-16,3.9798474704632594e-16,5.968655464884571e-16,100
BIOMD0000000563,model,792000.008,0.0,1000000.0,1000000.0,1000000.0,1000000.0,1000000.0,1000000.0,1000000.0,1000
BIOMD0000000563,PAMP,990000.01,1.0,1000000.0,1000000.0,1000000.0,1000000.0,1000000.0,1000000.0,1000000.0,100
BIOMD0000000563,R,6.413680698059159e-13,0.0,6.413680698059159e-11,0.0,0.0,0.0,0.0,0.0,6.41368069806244e-13,100
BIOMD0000000563,R_0,990000.01,1.0,1000000.0,1000000.0,1000000.0,1000000.0,1000000.0,1000000.0,1000000.0,100
BIOMD0000000563,E_int,990000.01,1.0,1000000.0,1000000.0,1000000.0,1000000.0,1000000.0,1000000.0,1000000.0,100
BIOMD0000000563,Callose,990000.01,1.0,1000000.0,1000000.0,1000000.0,1000000.0,1000000.0,1000000.0,1000000.0,100
BIOMD0000000563,Path,990000.01,1.0,1000000.0,1000000.0,1000000.0,1000000.0,1000000.0,1000000.0,1000000.0,100
BIOMD0000000563,Path_bulk,990000.01,1.0,1000000.0,1000000.0,1000000.0,1000000.0,1000000.0,1000000.0,1000000.0,100
BIOMD0000000563,PRR,990000.01,1.0,1000000.0,1000000.0,1000000.0,1000000.0,1000000.0,1000000.0,1000000.0,100
BIOMD0000000563,PRR_0,7.2663808831733e-11,0.0,7.2663808831733e-09,0.0,0.0,0.0,0.0,0.0,7.266380883177017e-11,100
BIOMD0000000563,E,990000.01,1.0,1000000.0,1000000.0,1000000.0,1000000.0,1000000.0,1000000.0,1000000.0,100
BIOMD0000000564,model,174.76592257426864,0.002414723143969765,12258.924495236886,0.8385144905587957,0.4414843989737606,0.5095780223698346,1.689351197808527,170.25885651771958,6696.040016433392,1900
BIOMD0000000564,cG,2.084971639631339,1.0468273457495982,4.521829096186498,1.6140686783272216,1.083724765771346,1.1030835432097532,2.906367258947954,4.340088835754107,4.521159003515611,100
BIOMD0000000564,cG_m,30.742752516881918,0.15218944756115704,270.44826557314144,0.9467185539774419,0.9048971301837251,0.9186482489120883,9.586447857701494,203.6297705454513,256.8685522962092,100
BIOMD0000000564,cL,0.5598048416194306,0.025391005109422844,0.9480466171465486,0.5579173979659098,0.2600159634093266,0.2982236097290031,0.8814562301145189,0.9452074043305774,0.9480259344121845,100
BIOMD0000000564,cL_m,12.009555423342418,0.03282296375681306,47.42090808980029,2.7596391070555164,0.7036384842038277,0.7668459867478975,22.748820485907082,44.90051531698364,47.226360561713236,100
BIOMD0000000564,cLm,1.067856123839355,0.022082200817371982,2.8592314758240738,0.7459414716604931,0.5285090423399756,0.6032525623602063,1.4543789894976902,2.722509996491996,2.8461029491680883,100
BIOMD0000000564,cNI,0.6357857909122014,0.03109271745281209,0.974276755659702,0.675795379804931,0.41474932833791645,0.4949119623533277,0.882888146328709,0.9706275793751951,0.9739167916239019,100
BIOMD0000000564,cNI_m,1.145610376855165,0.27814454816798984,4.311733576774795,0.9015647754988849,0.6476419569366035,0.7463018624539317,1.0755334990960617,3.6228565858224853,4.241883307394643,100
BIOMD0000000564,cP,520.59086124052,0.011781267321947262,6863.8625611711195,0.7243693351183497,0.47554901608849465,0.49724806316504927,102.9671435783993,3485.2826576806065,6458.134189369943,100
BIOMD0000000564,cP7,2.027399821633296,0.6279212983521019,7.678788984129124,1.0993413724466587,0.8973441090908367,0.9092059333112074,2.398477866655363,6.652184300273569,7.667720811541527,100
BIOMD0000000564,cP7_m,2.5262516648031776,0.8666108363744993,8.607491456261828,1.3403737457522618,1.1329072157942737,1.163863522721089,2.8482505251585257,7.6650139571570985,8.584906414922367,100
BIOMD0000000564,cP9,1377.1530087107958,0.015048376639958828,12258.924495236886,3.403257543573254,0.5156946618332888,0.573390581469104,519.6685831826359,9109.797896349517,12081.61358469649,100
BIOMD0000000564,cP9_m,1362.05023363655,0.009507379434329727,11823.034535945702,59.28876774582692,9.18683516312866,15.84577993943605,744.5307818709589,10166.949827770952,11486.125660521131,100
BIOMD0000000564,cT,0.3426049629195418,0.018275733152758884,0.5769636767528147,0.3778159231063881,0.1781679161727927,0.22702663969386244,0.5045972901031106,0.5732245885954655,0.5762372652958329,100
BIOMD0000000564,cT_m,0.602179230621927,0.019406440079058347,1.2416913400356366,0.6815232693522744,0.3198495275777287,0.3552138511469425,0.7981133472159583,1.1789900370275708,1.240718021819531,100
BIOMD0000000564,cTm,0.38095651558982085,0.002414723143969765,0.7729991878630867,0.33700936108079216,0.16308458721042735,0.18398488270227992,0.6294625898615497,0.7635860301690564,0.7727309284655293,100
BIOMD0000000564,cY,0.47277610078351623,0.0071349925533980224,0.8589093194866877,0.4934612198871296,0.2474528102853492,0.3607148999655307,0.7203980885862977,0.856368341827128,0.8585586149128598,100
BIOMD0000000564,cY_m,1.0642631636794917,0.008933444357118521,3.02826859117543,0.7714420451293955,0.4555233790659252,0.48511798495684666,1.6304877554115094,2.8202251448944695,3.0276992211210607,100
BIOMD0000000564,cZG,4.877108908258517,0.023847150160609117,36.47585470171886,0.9761741121308944,0.898802873732238,0.918012152455286,2.2152482427933626,27.03967340643732,36.4418732019392,100
BIOMD0000000564,cZTL,0.21854824186740548,0.012633319677345866,0.6347924210706959,0.15813696154063517,0.09391444500753046,0.10333242438450155,0.284999697905747,0.6162893977067997,0.6316433253748929,100
BIOMD0000000565,model,3.5407994510350713,1.9717622023324624e-06,48.97754648822753,0.8576850431769223,0.04907550245095832,0.0846356948854116,3.9824805343080047,16.801036305073097,29.9761193339449,2600
BIOMD0000000565,cpep,8.998279408772133,2.0403422706829355,13.797182956391449,8.924068735643452,8.44460091927863,8.52728469954784,9.792920086363747,13.128629895736454,13.74357579275167,100
BIOMD0000000565,cglcex,0.04598871050706656,0.04574632627225849,0.04610334531881559,0.04599020867342457,0.045930731522562565,0.04594239264178216,0.04604766274126583,0.04609231802080739,0.04610114377807832,100
BIOMD0000000565,cg6p,1.234193325948113,0.9444216624348095,1.2904119736755995,1.2619156129902418,1.2608444682576672,1.2610548555369525,1.2624484014147745,1.28583974537417,1.2903705022933287,100
BIOMD0000000565,cpyr,0.9844272222474679,0.775900191592296,1.6525181547021188,0.9247798265967607,0.8339352057040036,0.8486634977443891,1.1028049887214175,1.3327957512484758,1.577415662735649,100
BIOMD0000000565,cf6p,1.0213806338243576,0.7868756056473761,1.0665467768545072,1.0427484618460243,1.0423116788742062,1.0424277110493863,1.0432203487228406,1.06285226739961,1.066543654127191,100
BIOMD0000000565,cg1p,0.002959347263877746,0.0024315932831389642,0.0031407339237473782,0.0029802874936115187,0.0028283825112070523,0.0028680437803686345,0.0030848379965564563,0.0031321779039537897,0.003139107256244295,100
BIOMD0000000565,cpg,0.012388169875023116,0.01199723508824559,0.013096369527692818,0.012361591892376263,0.012336464873384616,0.01234401460677093,0.012378612105776185,0.012758425878261379,0.01305961318040079,100
BIOMD0000000565,cfdp,0.9573307836481585,0.6593141657359235,5.771101628178615,0.8484209875184832,0.8127900371808527,0.826093223520656,0.8678622507634216,1.362121099940534,4.263559471749221,100
BIOMD0000000565,csed7p,0.5031311963359638,0.16990989240125576,0.5285859838461531,0.5250908393164297,0.5247355598953304,0.5247813612449576,0.5252609412444073,0.5280199217497501,0.5285711301531137,100
BIOMD0000000565,cgap,0.9602801106865572,0.49018589665232126,0.9845975403871586,0.9813146470792307,0.9744847380452163,0.9802339752413937,0.9826377423749049,0.9844170899889663,0.9845757003771272,100
BIOMD0000000565,ce4p,0.2508876664851305,0.03615131073945557,0.36557139402154537,0.2619829445721432,0.25825934230340036,0.2613430425457798,0.2622789656557566,0.2625378177071748,0.26358390938453574,100
BIOMD0000000565,cxyl5p,0.09829688117089161,0.07868323873716267,0.5112291597222113,0.08474164263407499,0.08463152820680585,0.08464837350344852,0.08651584541702748,0.13534451398594258,0.40613193842452827,100
BIOMD0000000565,crib5p,0.04690717310009617,0.0012823467155008612,0.04919345064849628,0.049110799028378074,0.04804082489947211,0.04880580439064204,0.04913764926968308,0.04918657206565746,0.049193152270652685,100
BIOMD0000000565,cdhap,0.014963905793344121,3.6631217635026356e-05,0.34655004295149705,0.00702635099003762,0.006602750904166189,0.006815710746320311,0.007113163267778149,0.013054707674007798,0.2852920795741661,100
BIOMD0000000565,cpgp,5.793763420336051,1.6766165365390857,7.618803380735655,5.877006367794181,5.661667570263888,5.699191528859452,6.263392743184334,7.4171365210235916,7.615958887851212,100
BIOMD0000000565,cpg3,7.410286973948982,1.7513629925355956,10.740845326718356,7.4158236075757555,7.077138955512666,7.138460091866723,8.065803512629717,10.270192684676081,10.726574912660752,100
BIOMD0000000565,cpg2,8.177242631288122,1.880459583107035,12.1913965968226,8.13933035653499,7.744026164039773,7.815418266453366,8.902290446081054,11.603607646846278,12.16087874774284,100
BIOMD0000000565,cribu5p,0.018119941730440788,0.012947595584527044,0.1521912487071241,0.013050975675014648,0.013014595670351119,0.01301981990224404,0.01353420478201037,0.03698046579318009,0.12914799715381828,100
BIOMD0000000565,accoa,0.09905833523140448,0.036703806274826736,0.3551990723747139,0.0730742669650408,0.05002733766333514,0.05359122231307417,0.12141669732644521,0.25292866140506615,0.35285106608329087,100
BIOMD0000000565,malcoa,27.95407447009209,1.010176356752648,29.97864719960116,29.975342310760436,29.97496832058287,29.97503029823047,29.97613094880983,29.977760922202883,29.978379167269917,100
BIOMD0000000565,fer,2.0027794661163822,1.3192590599427525,3.2415253805694286,1.8753556803471014,1.5489119277672394,1.604781971065306,2.3761021283453383,3.021448343382369,3.1949829339824705,100
BIOMD0000000565,fer_ext,0.5511537799132968,0.36306530997847786,0.8920096385779868,0.5160931389023902,0.42626242621375154,0.4416368995449045,0.6538838123321526,0.8314558480857536,0.8792036601980575,100
BIOMD0000000565,fercoa,0.00032215249190004004,1.9717622023324624e-06,0.01684395434412981,4.718026579411361e-06,3.0697777744096356e-06,3.3276523805801837e-06,9.042491148426561e-06,0.0005651383949966549,0.007141171621211078,100
BIOMD0000000565,ferdicoa,15.711016721696074,1.2184358905413113,16.802323214401504,16.800878406297358,16.800646527947336,16.800724187913982,16.80127929706068,16.8019073585716,16.802305826383222,100
BIOMD0000000565,cur,4.399154437331558,3.2340851867981084,27.839386726072583,3.8919543305715285,3.5326568878523146,3.5991101973601376,4.332593004761057,5.366042376993164,15.84244167811416,100
BIOMD0000000565,cur_ext,4.812398861077393,3.3025062659068465,48.97754648822753,3.9759317779098415,3.6080694695470386,3.676094413622448,4.427300181127877,6.115285843976902,21.81764262094951,100
BIOMD0000000568,model,95.5455892624336,0.00015964692875233827,2084.0438985428277,0.59054840622461,0.13197456650371386,0.20109771585506397,2.501662253671959,876.6912279169484,1794.6765711266407,2400
BIOMD0000000568,S4,0.18384698822682655,0.010761558011005121,0.4633701688026938,0.17535640326491708,0.1252034942551677,0.1321175943359688,0.22563618844117528,0.38223651803965647,0.45041837843146043,100
BIOMD0000000568,S10,0.11941769544378095,0.021114183825654057,0.48718864022593594,0.03652148870062312,0.036513549645754706,0.03651489583105596,0.2781251049162326,0.280690525389709,0.34584341498493015,100
BIOMD0000000568,S12,3.450087985059136,0.375919570733421,34.29899099233091,0.9321647230361125,0.5204428606712714,0.5591292137511442,3.449425499841711,14.765383400083572,30.376161106691352,100
BIOMD0000000568,S19,0.9239197222172133,0.003941790515995322,19.049167623096878,0.061254749763855254,0.04531175712570192,0.04687794231396731,0.44717471559803523,4.679110666467996,14.274275738748017,100
BIOMD0000000568,S20,2.1970780719806737,0.0014298092174212546,41.19277279361644,0.05555550305812894,0.033753946365192564,0.03499621473948046,0.2805853115895013,12.479403957205761,40.25232317422706,100
BIOMD0000000568,S23,0.33082276931981197,0.005442676993004181,1.0664745151362078,0.2368429002784012,0.1844025022325227,0.19095421373171806,0.3366321102535807,0.9894955026142419,1.057451872180125,100
BIOMD0000000568,S18,273.3547771063688,0.04577458023916506,1551.0478167470817,1.120253126628183,0.12846043336856303,0.17723138276769723,228.33996367577475,1479.7324054038202,1543.4507967343952,100
BIOMD0000000568,S3,0.6413649761398519,0.00015964692875233827,3.814074306643371,0.04784514305499454,0.03525431302444728,0.037515726151597296,0.5967890124765128,3.4367787061848105,3.7671422390129328,100
BIOMD0000000568,S13,147.7003530137758,0.04181518470736844,849.6035498671991,1.0509117331628173,0.11993289498425992,0.16639923580653485,150.38001024986846,785.4920537568004,847.927176610204,100
BIOMD0000000568,S24,1.7460010698024926,0.03678938779928436,11.504119757280852,0.9852003355524535,0.7897679094986254,0.8253030789829442,2.4649328227406295,4.104599774985061,7.34521656578699,100
BIOMD0000000568,S26,0.5264096882474668,0.0008326140136537461,10.483404732671266,0.02186825282683267,0.015282668789793813,0.015368367746739954,0.24049536804697802,2.7493883845894835,7.776738178497743,100
BIOMD0000000568,S5,0.06474994113096857,0.0019927539159862503,0.9651868469450188,0.008459139398315874,0.003423232631388686,0.005142445810538208,0.015062147804933595,0.4046855812373797,0.8065884395361317,100
BIOMD0000000568,S17,342.78312810357653,0.24538351421088297,1756.4040148833149,3.454208221142005,0.7091412817718681,0.9418831566566953,560.2820656847987,1649.201249796987,1743.5420430981062,100
BIOMD0000000568,S22,354.1312545241947,0.23545093757267346,1841.343158028251,3.417612786289161,0.6916517548063641,0.9259553788891305,557.8207444721644,1729.6439921903236,1829.2147764587608,100
BIOMD0000000568,S25,365.0492029133931,0.2252196924093521,1924.6768869905684,3.3793337742508,0.6735787289797187,0.9108847172304577,554.2267487451262,1808.222476967282,1913.1602010044346,100
BIOMD0000000568,S27,375.380980949026,0.21466524420395364,2005.4707399540418,3.339165391786643,0.6548740886500172,0.8952488829231503,549.2820639155627,1884.1096945595846,1994.473995776819,100
BIOMD0000000568,S16,1.3519862296078653,0.01129361162889581,14.917880446792925,0.665849017816802,0.39081087240649987,0.46617405746949775,0.9726649026518877,5.37199576825265,14.015357494488983,100
BIOMD0000000568,S2,1.8192724108769067,0.09158690526574592,11.248246801433933,0.1345811755420997,0.10817296174266881,0.1133381722196535,3.674835899380841,5.98420918050652,10.91695207626725,100
BIOMD0000000568,S14,1.0888199092038502,0.5593650758159258,5.94660151234123,0.6814372805679083,0.6103580241003622,0.624548152922025,0.9548133883257934,3.09925705000919,5.478825102301554,100
BIOMD0000000568,S11,31.001969412470498,0.9670235047055176,214.5695189709445,2.4327543809614216,0.9868240604122699,0.9978503048664296,36.90371101864579,156.23642265496483,201.4838238208761,100
BIOMD0000000568,S21,1.8050337903148417,0.04135742104052168,39.27351829991549,0.6269498436526675,0.34838046875190354,0.41643349839372334,0.7957447669980318,7.526289199711657,8.731935126374724,100
BIOMD0000000568,S15,1.636436817755103,0.8643549078859294,4.706525224949321,0.985343025567292,0.9251429958775602,0.9364459497530718,2.0891657375819555,4.074175191855737,4.574461750444787,100
BIOMD0000000568,S1,0.6232881597865653,0.003254715794990461,6.4583815123027035,0.2776039901077038,0.15186707239968367,0.17217816809773942,0.4764130916004393,3.568301706636503,6.401643988958772,100
BIOMD0000000568,S28,385.1839400504874,0.2038212413174597,2084.0438985428277,3.2970231770045673,0.6355742426392563,0.8790437667356624,543.0167914061823,1957.5984188389682,2073.4822640882585,100
BIOMD0000000569,model,221168.2152653034,0.0023138621947952948,1000000.0,2990.0230184401626,7.766521041004438,70.12278519618823,274745.0210988443,1000000.0,1000000.0,2100
BIOMD0000000569,B0,706213.8236137978,5.111283596911742,1000000.0,1000000.0,89028.30415795872,498679.3280431594,1000000.0,1000000.0,1000000.0,100
BIOMD0000000569,S0,681962.2339674312,2.1376111071273316,1000000.0,1000000.0,40983.885286988465,229545.9206640778,1000000.0,1000000.0,1000000.0,100
BIOMD0000000569,B1,591185.3600185278,1.6127313894887614,938366.2177265518,929483.5489574098,13754.7011743287,75910.88468049021,938341.0113227884,938363.4745978877,938365.4056286281,100
BIOMD0000000569,S1,542426.9022390277,1.6814198718834503,859741.0127339078,851859.8430358216,13011.15652847346,71647.8465684659,859718.655235223,859738.5796437976,859740.2924219235,100
BIOMD0000000569,B2,231794.46477291657,1.9837285758207956,360355.5556920004,358225.72002478165,8414.845812101908,44626.864548277015,360349.53407607623,360354.9003851724,360355.3616895975,100
BIOMD0000000569,S2,109075.02595488196,1.3727797022953694,168297.17746787917,167461.274506286,4659.9529336676005,24241.594713995666,168294.81645444428,168296.92052903495,168297.10140243304,100
BIOMD0000000569,B3,37430.867552273005,1.5699000091013464,55237.65941062845,55142.30403977295,4192.317710221469,18005.427915041564,55237.39097901199,55237.630198446095,55237.65076271285,100
BIOMD0000000569,S3,7268.036108479344,0.6857842076937435,10519.035155776888,10507.766982278274,1229.3021269276367,4601.423210866451,10519.00345744118,10519.031706065569,10519.034134719583,100
BIOMD0000000569,B4,1265.2670827447846,1.297071439751314,1659.165538471765,1659.0297367586563,1047.6528818830695,1509.0356686723176,1659.1651569102928,1659.1654969362469,1659.165526192709,100
BIOMD0000000569,S4,114.37636622493893,0.3847046070703471,145.14541051507408,145.1406076216412,117.33110133600402,139.52501975203572,145.14539705252423,145.1454090449796,145.1454100869603,100
BIOMD0000000569,M0,650062.8240942647,0.9410415638721598,1000000.0,1000000.0,17306.947212397412,96972.06882536007,1000000.0,1000000.0,1000000.0,100
BIOMD0000000569,M1,273957.6209087761,1.4882196986545497,433462.0141929832,429641.3923361135,6820.691301709439,37453.927895132336,433451.17972929677,433460.8351155699,433461.6651312112,100
BIOMD0000000569,M2,20708.65164142223,0.5774188500676756,31612.433147233223,31490.039931181578,1115.2339134825095,5614.244728661952,31612.087840969038,31612.395568664324,31612.422023001567,100
BIOMD0000000569,M3,193.0791345733522,0.6720298065518965,242.8640327296491,242.85779977584883,205.11606358462444,235.50452236843734,242.86401524077635,242.86403082252633,242.86403217056284,100
BIOMD0000000569,M4,0.8934386643348049,0.33360930218630674,2.3385428351984783,0.9253337427960724,0.9245595478543509,0.925202722476788,0.9253338501010887,0.9253338503646923,0.9394659402455922,100
BIOMD0000000569,L0,634128.2354448654,0.7717248219083513,1000000.0,1000000.0,12993.652465971667,72756.91960196239,1000000.0,1000000.0,1000000.0,100
BIOMD0000000569,L1,154686.14220040117,1.1487576031893976,242370.36079551218,240657.24940652735,4745.575661212832,25601.010692267162,242365.51156708636,242369.8330725011,242370.20456578367,100
BIOMD0000000569,L2,2058.180666461643,0.23633424400791553,2990.131801587449,2986.6125972896116,321.4510661358658,1239.555830067174,2990.1219015651072,2990.1307240444276,2990.1314828363584,100
BIOMD0000000569,L3,0.48825074960732323,0.12365589399095694,7.106120540618203,0.45304684787394134,0.4519381126909896,0.45285883451654724,0.45304700185523405,0.45304700225768907,0.6552299777498406,100
BIOMD0000000569,L4,0.044798047302414414,0.016737338317709214,2.5008308852970598,0.01673733902531379,0.016737338370223166,0.016737338375221934,0.01674222312444114,0.025221154018882627,0.23969361488280597,100
BIOMD0000000569,glu,0.0023168407349745458,0.0023138621947952948,0.0023169996221674167,0.002316999621926564,0.0023169985168694607,0.0023169994350471746,0.0023169996220953255,0.0023169996221424514,0.0023169996221630504,100
